,scarb1_r1.afa_3-,scarb1_r1.afa_4-,scarb1_r1.afa_5K,scarb1_r1.afa_5-,scarb1_r1.afa_6-,scarb1_r1.afa_7-,scarb1_r1.afa_8-,scarb1_r1.afa_9-,scarb1_r1.afa_10-,scarb1_r1.afa_11-,scarb1_r1.afa_12-,scarb1_r1.afa_13-,scarb1_r1.afa_14S,scarb1_r1.afa_14-,scarb1_r1.afa_15H,scarb1_r1.afa_15-,scarb1_r1.afa_16S,scarb1_r1.afa_16-,scarb1_r1.afa_17S,scarb1_r1.afa_17-,scarb1_r1.afa_18K,scarb1_r1.afa_18-,scarb1_r1.afa_19W,scarb1_r1.afa_19-,scarb1_r1.afa_20L,scarb1_r1.afa_20-,scarb1_r1.afa_21N,scarb1_r1.afa_21-,scarb1_r1.afa_22Q,scarb1_r1.afa_22-,scarb1_r1.afa_23D,scarb1_r1.afa_23-,scarb1_r1.afa_24F,scarb1_r1.afa_24-,scarb1_r1.afa_25K,scarb1_r1.afa_25-,scarb1_r1.afa_26L,scarb1_r1.afa_26-,scarb1_r1.afa_27G,scarb1_r1.afa_27P,scarb1_r1.afa_27-,scarb1_r1.afa_28G,scarb1_r1.afa_28S,scarb1_r1.afa_28-,scarb1_r1.afa_29L,scarb1_r1.afa_29S,scarb1_r1.afa_29-,scarb1_r1.afa_30I,scarb1_r1.afa_30T,scarb1_r1.afa_31R,scarb1_r1.afa_31K,scarb1_r1.afa_31P,scarb1_r1.afa_32Q,scarb1_r1.afa_33Q,scarb1_r1.afa_33P,scarb1_r1.afa_34V,scarb1_r1.afa_34-,scarb1_r1.afa_35L,scarb1_r1.afa_35P,scarb1_r1.afa_35-,scarb1_r1.afa_36A,scarb1_r1.afa_36K,scarb1_r1.afa_36-,scarb1_r1.afa_37A,scarb1_r1.afa_37-,scarb1_r1.afa_38S,scarb1_r1.afa_38-,scarb1_r1.afa_39A,scarb1_r1.afa_39-,scarb1_r1.afa_40D,scarb1_r1.afa_40-,scarb1_r1.afa_41C,scarb1_r1.afa_41-,scarb1_r1.afa_42V,scarb1_r1.afa_42-,scarb1_r1.afa_43L,scarb1_r1.afa_43-,scarb1_r1.afa_44P,scarb1_r1.afa_44-,scarb1_r1.afa_45V,scarb1_r1.afa_45-,scarb1_r1.afa_46L,scarb1_r1.afa_46-,scarb1_r1.afa_47R,scarb1_r1.afa_47-,scarb1_r1.afa_48V,scarb1_r1.afa_48-,scarb1_r1.afa_49S,scarb1_r1.afa_49-,scarb1_r1.afa_50E,scarb1_r1.afa_50-,scarb1_r1.afa_51Q,scarb1_r1.afa_51-,scarb1_r1.afa_66R,scarb1_r1.afa_66K,scarb1_r1.afa_80N,scarb1_r1.afa_80D,scarb1_r1.afa_82M,scarb1_r1.afa_85N,scarb1_r1.afa_85S,scarb1_r1.afa_87I,scarb1_r1.afa_87V,scarb1_r1.afa_89N,scarb1_r1.afa_89K,scarb1_r1.afa_96R,scarb1_r1.afa_96Q,scarb1_r1.afa_110S,scarb1_r1.afa_110T,scarb1_r1.afa_116N,scarb1_r1.afa_116D,scarb1_r1.afa_127T,scarb1_r1.afa_131Q,scarb1_r1.afa_131E,scarb1_r1.afa_134K,scarb1_r1.afa_134M,scarb1_r1.afa_136Q,scarb1_r1.afa_136H,scarb1_r1.afa_159N,scarb1_r1.afa_159D,scarb1_r1.afa_163S,scarb1_r1.afa_163T,scarb1_r1.afa_173S,scarb1_r1.afa_173T,scarb1_r1.afa_193Q,scarb1_r1.afa_193K,scarb1_r1.afa_193S,scarb1_r1.afa_207M,scarb1_r1.afa_207T,scarb1_r1.afa_224N,scarb1_r1.afa_224D,scarb1_r1.afa_253A,scarb1_r1.afa_253D,scarb1_r1.afa_267A,scarb1_r1.afa_267S,scarb1_r1.afa_295M,scarb1_r1.afa_295T,scarb1_r1.afa_299P,scarb1_r1.afa_299S,scarb1_r1.afa_301E,scarb1_r1.afa_301V,scarb1_r1.afa_322I,scarb1_r1.afa_322T,scarb1_r1.afa_333R,scarb1_r1.afa_333L,scarb1_r1.afa_358N,scarb1_r1.afa_358Y,scarb1_r1.afa_406I,scarb1_r1.afa_406V,scarb1_r1.afa_407A,scarb1_r1.afa_407K,scarb1_r1.afa_434D,scarb1_r1.afa_434E,scarb1_r1.afa_446M,scarb1_r1.afa_446V,scarb1_r1.afa_450M,scarb1_r1.afa_451H,scarb1_r1.afa_452Y,scarb1_r1.afa_452-,scarb1_r1.afa_453A,scarb1_r1.afa_453-,scarb1_r1.afa_454Q,scarb1_r1.afa_454-,scarb1_r1.afa_455Y,scarb1_r1.afa_455-,Species
galeopterus_variegatus,1,1,0,1,1,1,1,1,1,1,1,1,0,1,0,1,0,1,0,1,0,1,0,1,0,1,0,1,0,1,0,1,0,1,0,1,0,1,0,0,1,0,1,0,0,0,0,1,0,0,1,0,0,1,0,1,0,1,0,0,0,1,0,0,1,0,1,0,1,0,1,0,1,0,1,0,1,0,1,0,1,0,1,0,1,0,1,0,1,0,1,0,1,0,1,0,1,0,1,0,1,0,0,1,0,1,1,0,0,1,0,1,0,1,0,0,0,1,0,1,0,1,0,0,0,0,1,0,1,0,0,0,0,1,0,0,0,1,0,1,0,0,0,1,1,0,1,0,0,0,0,1,1,0,0,0,1,0,1,0,1,0,1,0,resistant
aotus_nancymaae,1,1,0,1,1,1,1,1,1,1,1,1,0,1,0,1,0,1,0,1,0,1,0,1,0,1,0,1,0,1,0,1,0,1,0,1,0,1,0,0,1,0,1,0,1,0,0,1,0,0,1,0,1,1,0,1,0,1,0,0,0,1,0,0,1,0,1,0,1,0,1,0,1,0,1,0,1,0,1,0,1,0,1,0,1,0,1,0,1,0,1,0,1,1,0,1,0,1,0,1,0,1,1,0,0,1,0,1,0,1,0,1,0,0,1,0,1,0,1,1,0,1,0,0,0,1,0,1,1,0,1,0,0,1,0,1,1,0,1,0,0,1,1,0,0,1,1,0,0,1,1,0,0,1,1,0,1,0,1,0,1,0,1,0,infected
cebus_capucinus,1,1,0,1,1,1,1,1,1,1,1,1,0,1,0,1,0,1,0,1,0,1,0,1,0,1,0,1,0,1,0,1,0,1,0,1,0,1,0,1,0,0,1,0,1,0,0,1,0,0,1,0,1,1,0,1,0,1,0,0,0,1,0,0,1,0,1,0,1,0,1,0,1,0,1,0,1,0,1,0,1,0,1,0,1,0,1,0,1,0,1,0,1,1,0,1,0,1,0,1,0,1,1,0,0,1,0,1,0,1,1,1,0,0,1,0,1,0,1,1,0,1,0,0,0,1,0,1,1,0,1,0,0,1,0,1,1,0,1,0,0,1,1,0,0,1,1,0,0,1,1,0,0,1,1,1,1,0,1,0,1,0,1,0,resistant
saimiri_boliviensis,1,1,0,1,1,1,1,1,1,1,1,1,0,1,0,1,0,1,0,1,0,1,0,1,0,1,0,1,0,1,0,1,0,1,0,1,0,1,0,1,0,0,1,0,1,0,0,1,0,0,1,0,1,1,0,1,0,1,0,0,0,1,0,0,1,0,1,0,1,0,1,0,1,0,1,0,1,0,1,0,1,0,1,0,1,0,1,0,1,0,1,0,1,1,0,1,0,1,0,1,0,1,1,0,0,1,0,1,0,1,1,1,0,0,1,0,1,0,1,1,0,1,0,0,0,1,0,1,1,0,1,0,0,1,0,1,1,0,1,0,0,1,1,0,0,1,1,0,0,1,1,0,0,1,1,1,1,0,1,0,1,0,1,0,infected
rhinopithecus_roxellana,1,1,0,1,1,1,1,1,1,1,1,1,0,1,0,1,0,1,0,1,0,1,0,1,0,1,0,1,0,1,0,1,0,1,0,1,0,1,0,1,0,0,1,0,1,0,0,1,0,0,1,0,1,1,0,1,0,1,0,0,0,1,0,0,1,0,1,0,1,0,1,0,1,0,1,0,1,0,1,0,1,0,1,0,1,0,1,0,1,0,1,0,1,0,1,0,1,1,0,1,1,0,0,1,0,1,0,1,1,0,1,0,1,1,0,0,1,1,0,0,1,0,1,1,0,0,1,0,0,1,0,1,0,1,1,0,1,0,0,1,1,0,0,1,1,0,1,0,1,0,0,1,1,0,1,1,1,0,1,0,1,0,1,0,resistant
cercocebus_atys,1,1,0,1,1,1,1,1,1,1,1,1,0,1,0,1,0,1,0,1,0,1,0,1,0,1,0,1,0,1,0,1,0,1,0,1,0,1,0,1,0,0,1,0,1,0,0,1,0,0,1,0,1,1,0,1,0,1,0,0,0,1,0,0,1,0,1,0,1,0,1,0,1,0,1,0,1,0,1,0,1,0,1,0,1,0,1,0,1,0,1,0,1,0,1,0,1,1,0,1,1,0,0,1,0,1,0,1,1,0,1,0,1,1,0,1,0,1,0,0,1,0,1,1,0,0,1,0,0,1,0,1,1,0,1,0,1,0,0,1,0,1,0,1,1,0,1,0,1,0,0,1,1,0,1,1,1,0,1,0,1,0,1,0,resistant
macaca_mulatta,0,0,1,0,0,0,0,0,0,0,0,0,1,0,1,0,1,0,1,0,1,0,1,0,1,0,1,0,1,0,1,0,1,0,1,0,1,0,1,0,0,1,0,0,0,1,0,0,1,0,0,1,1,0,1,1,0,0,1,0,1,0,0,1,0,1,0,1,0,1,0,1,0,1,0,1,0,1,0,1,0,1,0,1,0,1,0,1,0,1,0,1,0,0,1,1,0,1,0,1,1,0,0,1,0,1,0,1,1,0,1,0,1,1,0,0,1,1,0,0,1,0,1,1,0,0,1,0,0,1,0,1,1,0,1,0,1,0,0,1,1,0,0,1,1,0,1,0,1,0,0,1,1,0,1,1,1,0,0,1,0,1,0,1,resistant
macaca_nemestrina,1,1,0,1,1,1,1,1,1,1,1,1,1,0,1,0,1,0,1,0,1,0,1,0,1,0,1,0,1,0,1,0,1,0,1,0,1,0,1,0,0,1,0,0,0,1,0,0,1,0,0,1,1,0,1,1,0,0,1,0,1,0,0,1,0,1,0,1,0,1,0,1,0,1,0,1,0,1,0,1,0,1,0,1,0,1,0,1,0,1,0,1,0,0,1,0,1,1,0,1,1,0,0,1,0,1,0,1,1,0,1,0,1,1,0,0,1,1,0,0,1,0,1,1,0,0,1,0,0,1,0,1,1,0,1,0,1,0,0,1,1,0,0,1,1,0,1,0,1,0,0,1,1,0,0,0,0,1,0,1,0,1,0,1,resistant
chlorocebus_sabaeus,1,1,0,1,1,1,1,1,1,1,1,1,0,1,0,1,0,1,0,1,0,1,0,1,0,1,0,1,0,1,0,1,0,1,0,1,0,1,0,0,1,0,1,0,1,0,0,1,0,0,1,0,1,1,0,1,0,1,0,0,0,1,0,0,1,0,1,0,1,0,1,0,1,0,1,0,1,0,1,0,1,0,1,0,1,0,1,0,1,0,1,0,1,0,1,0,1,1,0,1,1,0,0,1,0,1,0,1,1,0,1,0,1,1,0,1,0,1,0,0,1,0,1,1,0,0,1,0,0,1,0,1,0,1,1,0,1,0,0,1,1,0,0,1,1,0,1,0,1,0,0,1,1,0,1,1,1,0,0,1,0,1,0,1,resistant
mandrillus_leucophaeus,1,1,0,1,1,1,1,1,1,1,1,1,0,1,0,1,0,1,0,1,0,1,0,1,0,1,0,1,0,1,0,1,0,1,0,1,0,1,0,0,1,0,0,0,1,0,0,0,0,0,0,1,0,0,0,0,1,0,0,1,0,0,1,0,1,0,1,0,1,0,1,0,1,0,1,0,1,0,1,0,1,0,1,0,1,0,1,0,1,0,1,0,1,0,1,1,0,1,0,1,1,0,0,1,0,1,0,1,1,0,1,0,1,1,0,1,0,1,0,0,1,0,1,1,0,0,1,0,0,1,0,1,1,0,1,0,1,0,0,1,1,0,0,1,1,0,1,0,1,0,0,1,1,0,1,1,1,0,1,0,1,0,1,0,resistant
papio_anubis,0,0,1,0,0,0,0,0,0,0,0,0,0,0,0,0,0,0,0,0,0,0,0,0,0,0,0,0,0,0,0,0,1,0,1,0,1,0,1,0,0,1,0,0,0,1,0,0,1,0,0,1,1,0,1,1,0,1,0,0,1,0,0,1,0,1,0,1,0,1,0,1,0,1,0,1,0,1,0,1,0,1,0,1,0,1,0,1,0,1,0,1,0,0,1,0,1,1,0,1,1,0,0,1,0,1,0,1,1,0,1,0,1,1,0,1,0,1,0,0,1,0,1,1,0,0,1,0,0,1,0,1,1,0,1,0,1,0,0,1,1,0,0,1,1,0,1,0,1,0,0,1,1,0,1,1,0,1,0,1,0,1,0,1,resistant
theropithecus_gelada,1,1,0,1,1,1,1,1,1,1,1,1,0,1,0,1,0,1,0,1,0,1,0,1,0,1,0,1,0,1,0,1,0,1,0,1,0,1,0,0,1,0,0,1,0,0,1,0,0,0,0,0,0,0,0,0,1,0,0,1,0,0,1,0,1,0,1,0,1,0,1,0,1,0,1,0,1,0,1,0,1,0,1,0,1,0,1,0,1,0,1,0,1,0,1,0,1,1,0,1,1,0,0,1,0,1,0,1,1,0,1,0,1,1,0,1,0,1,0,0,1,0,1,1,0,0,1,0,0,1,0,1,1,0,1,0,1,0,0,1,1,0,0,1,1,0,1,0,1,0,0,1,1,0,1,1,1,0,1,0,1,0,1,0,resistant
pongo_abelii,1,1,0,1,1,1,1,1,1,1,1,1,0,1,0,1,0,1,0,1,0,1,0,1,0,1,0,1,0,1,0,1,0,1,0,1,0,1,0,1,0,0,1,0,1,0,0,1,0,1,0,0,1,1,0,1,0,1,0,0,0,1,0,0,1,0,1,0,1,0,1,0,1,0,1,0,1,0,1,0,1,0,1,0,1,0,1,0,1,0,1,0,1,0,1,0,1,0,1,0,1,0,0,1,1,0,0,1,1,0,1,1,0,1,0,0,1,0,1,0,1,0,1,0,1,0,1,0,0,1,0,1,0,1,1,0,0,1,0,1,1,0,0,1,1,0,0,1,1,0,0,1,1,0,1,1,1,0,1,0,1,0,1,0,infected
pan_paniscus,1,1,0,1,1,1,1,1,1,1,1,1,0,1,0,1,0,1,0,1,0,1,0,1,0,1,0,1,0,1,0,1,0,1,0,1,0,1,0,0,1,0,0,1,0,0,1,0,0,1,0,0,0,1,0,0,0,0,0,0,0,1,0,0,1,0,1,0,1,0,1,0,1,0,1,0,1,0,1,0,1,0,1,0,1,0,1,0,1,0,1,0,1,0,1,0,1,1,0,1,1,0,0,1,1,0,1,0,1,0,1,1,0,1,0,0,1,1,0,0,1,0,1,0,1,0,1,0,0,1,0,1,0,1,1,0,0,1,0,1,1,0,0,1,1,0,0,1,1,0,0,1,1,0,1,1,1,0,1,0,1,0,1,0,resistant
nomascus_leucogenys,1,1,0,1,1,1,1,1,1,1,1,1,0,1,0,1,0,1,0,1,0,1,0,1,0,1,0,1,0,1,0,1,0,1,0,1,0,1,0,0,1,0,1,0,1,0,0,1,0,0,1,0,1,1,0,1,0,1,0,0,0,1,0,0,1,0,1,0,1,0,1,0,1,0,1,0,1,0,1,0,1,0,1,0,1,0,1,0,1,0,1,0,1,0,1,0,1,1,1,0,1,0,0,1,1,0,0,1,1,0,1,1,0,1,0,0,1,1,0,0,1,0,1,0,1,0,1,0,0,1,0,1,0,1,1,0,0,1,0,1,1,0,0,1,1,0,0,1,1,0,0,1,1,0,1,1,1,0,1,0,1,0,1,0,resistant
homo_sapiens,1,1,0,1,1,1,1,1,1,1,1,1,0,1,0,1,0,1,0,1,0,1,0,1,0,1,0,1,0,1,0,1,0,1,0,1,0,1,0,0,1,0,1,0,1,0,0,1,0,0,1,0,1,1,0,1,0,1,0,0,0,1,0,0,1,0,1,0,1,0,1,0,1,0,1,0,1,0,1,0,1,0,1,0,1,0,1,0,1,0,1,0,1,0,1,0,1,1,0,1,1,0,0,1,1,0,1,0,1,0,1,1,0,1,0,0,1,1,0,0,1,0,1,0,1,0,1,0,0,1,0,1,0,1,1,0,0,1,0,1,1,0,0,1,1,0,0,1,1,0,0,1,1,0,1,1,1,0,1,0,1,0,1,0,infected
gorilla_gorilla,1,1,0,1,1,1,1,1,1,1,1,1,0,1,0,1,0,1,0,1,0,1,0,1,0,1,0,1,0,1,0,1,0,1,0,1,0,1,0,1,0,0,1,0,1,0,0,1,0,0,1,0,1,1,0,1,0,1,0,0,0,1,0,0,1,0,1,0,1,0,1,0,1,0,1,0,1,0,1,0,1,0,1,0,1,0,1,0,1,0,1,0,1,0,1,0,1,1,0,1,1,0,0,1,1,0,1,0,1,0,1,1,0,1,0,0,1,1,0,0,1,0,1,0,1,0,1,0,0,1,0,1,0,1,1,0,0,1,0,1,1,0,0,1,1,0,0,1,1,0,0,1,1,0,1,1,1,0,1,0,1,0,1,0,infected
pan_troglodytes,1,1,0,1,1,1,1,1,1,1,1,1,0,1,0,1,0,1,0,1,0,1,0,1,0,1,0,1,0,1,0,1,0,1,0,1,0,1,0,0,1,0,1,0,1,0,0,1,0,0,1,0,1,1,0,1,0,1,0,0,0,1,0,0,1,0,1,0,1,0,1,0,1,0,1,0,1,0,1,0,1,0,1,0,1,0,1,0,1,0,1,0,1,0,1,0,1,1,0,1,1,0,0,1,1,0,1,0,1,0,1,1,0,1,0,0,1,1,0,0,1,0,1,0,1,0,1,0,0,1,0,1,0,1,1,0,0,1,0,1,1,0,0,1,1,0,0,1,1,0,0,1,1,0,1,1,1,0,1,0,1,0,1,0,infected
