,scarb1_r1.afa_pos3_7,scarb1_r1.afa_pos4_7,scarb1_r1.afa_pos5_1,scarb1_r1.afa_pos5_7,scarb1_r1.afa_pos6_7,scarb1_r1.afa_pos7_7,scarb1_r1.afa_pos8_7,scarb1_r1.afa_pos9_7,scarb1_r1.afa_pos10_7,scarb1_r1.afa_pos11_7,scarb1_r1.afa_pos12_7,scarb1_r1.afa_pos13_7,scarb1_r1.afa_pos14_3,scarb1_r1.afa_pos14_7,scarb1_r1.afa_pos15_6,scarb1_r1.afa_pos15_7,scarb1_r1.afa_pos16_3,scarb1_r1.afa_pos16_7,scarb1_r1.afa_pos17_3,scarb1_r1.afa_pos17_7,scarb1_r1.afa_pos18_1,scarb1_r1.afa_pos18_7,scarb1_r1.afa_pos19_6,scarb1_r1.afa_pos19_7,scarb1_r1.afa_pos20_4,scarb1_r1.afa_pos20_7,scarb1_r1.afa_pos21_2,scarb1_r1.afa_pos21_7,scarb1_r1.afa_pos22_2,scarb1_r1.afa_pos22_7,scarb1_r1.afa_pos23_2,scarb1_r1.afa_pos23_7,scarb1_r1.afa_pos24_6,scarb1_r1.afa_pos24_7,scarb1_r1.afa_pos25_1,scarb1_r1.afa_pos25_7,scarb1_r1.afa_pos26_4,scarb1_r1.afa_pos26_7,scarb1_r1.afa_pos27_0,scarb1_r1.afa_pos27_5,scarb1_r1.afa_pos27_7,scarb1_r1.afa_pos28_0,scarb1_r1.afa_pos28_3,scarb1_r1.afa_pos28_7,scarb1_r1.afa_pos29_3,scarb1_r1.afa_pos29_4,scarb1_r1.afa_pos29_7,scarb1_r1.afa_pos30_3,scarb1_r1.afa_pos30_4,scarb1_r1.afa_pos31_1,scarb1_r1.afa_pos31_5,scarb1_r1.afa_pos32_2,scarb1_r1.afa_pos33_2,scarb1_r1.afa_pos33_5,scarb1_r1.afa_pos34_4,scarb1_r1.afa_pos34_7,scarb1_r1.afa_pos35_4,scarb1_r1.afa_pos35_5,scarb1_r1.afa_pos35_7,scarb1_r1.afa_pos36_0,scarb1_r1.afa_pos36_1,scarb1_r1.afa_pos36_7,scarb1_r1.afa_pos37_0,scarb1_r1.afa_pos37_7,scarb1_r1.afa_pos38_3,scarb1_r1.afa_pos38_7,scarb1_r1.afa_pos39_0,scarb1_r1.afa_pos39_7,scarb1_r1.afa_pos40_2,scarb1_r1.afa_pos40_7,scarb1_r1.afa_pos41_3,scarb1_r1.afa_pos41_7,scarb1_r1.afa_pos42_4,scarb1_r1.afa_pos42_7,scarb1_r1.afa_pos43_4,scarb1_r1.afa_pos43_7,scarb1_r1.afa_pos44_5,scarb1_r1.afa_pos44_7,scarb1_r1.afa_pos45_4,scarb1_r1.afa_pos45_7,scarb1_r1.afa_pos46_4,scarb1_r1.afa_pos46_7,scarb1_r1.afa_pos47_1,scarb1_r1.afa_pos47_7,scarb1_r1.afa_pos48_4,scarb1_r1.afa_pos48_7,scarb1_r1.afa_pos49_3,scarb1_r1.afa_pos49_7,scarb1_r1.afa_pos50_2,scarb1_r1.afa_pos50_7,scarb1_r1.afa_pos51_2,scarb1_r1.afa_pos51_7,scarb1_r1.afa_pos85_2,scarb1_r1.afa_pos85_3,scarb1_r1.afa_pos89_1,scarb1_r1.afa_pos89_2,scarb1_r1.afa_pos96_1,scarb1_r1.afa_pos96_2,scarb1_r1.afa_pos134_1,scarb1_r1.afa_pos134_4,scarb1_r1.afa_pos136_2,scarb1_r1.afa_pos136_6,scarb1_r1.afa_pos193_1,scarb1_r1.afa_pos193_2,scarb1_r1.afa_pos193_3,scarb1_r1.afa_pos207_3,scarb1_r1.afa_pos207_4,scarb1_r1.afa_pos253_0,scarb1_r1.afa_pos253_2,scarb1_r1.afa_pos267_0,scarb1_r1.afa_pos267_3,scarb1_r1.afa_pos295_3,scarb1_r1.afa_pos295_4,scarb1_r1.afa_pos299_3,scarb1_r1.afa_pos299_5,scarb1_r1.afa_pos301_2,scarb1_r1.afa_pos301_4,scarb1_r1.afa_pos322_3,scarb1_r1.afa_pos322_4,scarb1_r1.afa_pos333_1,scarb1_r1.afa_pos333_4,scarb1_r1.afa_pos358_2,scarb1_r1.afa_pos358_6,scarb1_r1.afa_pos407_0,scarb1_r1.afa_pos407_1,scarb1_r1.afa_pos451_6,scarb1_r1.afa_pos452_6,scarb1_r1.afa_pos452_7,scarb1_r1.afa_pos453_0,scarb1_r1.afa_pos453_7,scarb1_r1.afa_pos454_2,scarb1_r1.afa_pos454_7,scarb1_r1.afa_pos455_6,scarb1_r1.afa_pos455_7,Species
galeopterus_variegatus,1,1,0,1,1,1,1,1,1,1,1,1,0,1,0,1,0,1,0,1,0,1,0,1,0,1,0,1,0,1,0,1,0,1,0,1,0,1,0,0,1,0,1,0,0,1,0,0,1,1,0,1,1,0,1,0,1,0,0,0,1,0,0,1,0,1,0,1,0,1,0,1,0,1,0,1,0,1,0,1,0,1,0,1,0,1,0,1,0,1,0,1,1,0,1,0,0,1,1,0,0,0,0,1,0,0,1,0,1,0,1,0,1,1,0,0,1,0,1,0,1,1,0,0,1,0,1,0,1,0,1,0,1,0,resistant
aotus_nancymaae,1,1,0,1,1,1,1,1,1,1,1,1,0,1,0,1,0,1,0,1,0,1,0,1,0,1,0,1,0,1,0,1,0,1,0,1,0,1,0,0,1,0,1,0,0,1,0,0,1,1,0,1,1,0,1,0,1,0,0,0,1,0,0,1,0,1,0,1,0,1,0,1,0,1,0,1,0,1,0,1,0,1,0,1,0,1,0,1,0,1,0,1,0,1,0,1,0,1,0,1,0,1,0,0,1,1,0,1,0,0,1,1,0,0,1,1,0,1,0,1,0,0,1,0,1,0,1,0,1,0,1,0,1,0,infected
cebus_capucinus,1,1,0,1,1,1,1,1,1,1,1,1,0,1,0,1,0,1,0,1,0,1,0,1,0,1,0,1,0,1,0,1,0,1,0,1,0,1,0,1,0,0,1,0,0,1,0,0,1,1,0,1,1,0,1,0,1,0,0,0,1,0,0,1,0,1,0,1,0,1,0,1,0,1,0,1,0,1,0,1,0,1,0,1,0,1,0,1,0,1,0,1,0,1,0,1,0,1,0,1,0,1,0,0,1,1,0,1,0,0,1,1,0,0,1,1,0,1,0,1,0,0,1,0,1,1,1,0,1,0,1,0,1,0,resistant
saimiri_boliviensis,1,1,0,1,1,1,1,1,1,1,1,1,0,1,0,1,0,1,0,1,0,1,0,1,0,1,0,1,0,1,0,1,0,1,0,1,0,1,0,1,0,0,1,0,0,1,0,0,1,1,0,1,1,0,1,0,1,0,0,0,1,0,0,1,0,1,0,1,0,1,0,1,0,1,0,1,0,1,0,1,0,1,0,1,0,1,0,1,0,1,0,1,0,1,0,1,0,1,0,1,0,1,0,0,1,1,0,1,0,0,1,1,0,0,1,1,0,1,0,1,0,0,1,0,1,1,1,0,1,0,1,0,1,0,infected
rhinopithecus_roxellana,1,1,0,1,1,1,1,1,1,1,1,1,0,1,0,1,0,1,0,1,0,1,0,1,0,1,0,1,0,1,0,1,0,1,0,1,0,1,0,1,0,0,1,0,0,1,0,0,1,1,0,1,1,0,1,0,1,0,0,0,1,0,0,1,0,1,0,1,0,1,0,1,0,1,0,1,0,1,0,1,0,1,0,1,0,1,0,1,0,1,0,1,0,1,1,0,0,1,1,0,0,1,0,1,0,0,1,0,1,0,1,0,1,0,1,0,1,0,1,0,1,1,0,1,0,1,1,0,1,0,1,0,1,0,resistant
cercocebus_atys,1,1,0,1,1,1,1,1,1,1,1,1,0,1,0,1,0,1,0,1,0,1,0,1,0,1,0,1,0,1,0,1,0,1,0,1,0,1,0,1,0,0,1,0,0,1,0,0,1,1,0,1,1,0,1,0,1,0,0,0,1,0,0,1,0,1,0,1,0,1,0,1,0,1,0,1,0,1,0,1,0,1,0,1,0,1,0,1,0,1,0,1,0,1,1,0,0,1,1,0,1,0,0,1,0,0,1,0,1,1,0,0,1,0,1,0,1,1,0,0,1,1,0,1,0,1,1,0,1,0,1,0,1,0,resistant
macaca_mulatta,0,0,1,0,0,0,0,0,0,0,0,0,1,0,1,0,1,0,1,0,1,0,1,0,1,0,1,0,1,0,1,0,1,0,1,0,1,0,1,0,0,1,0,0,1,0,0,1,0,0,1,1,0,1,1,0,0,1,0,1,0,0,1,0,1,0,1,0,1,0,1,0,1,0,1,0,1,0,1,0,1,0,1,0,1,0,1,0,1,0,1,0,0,1,1,0,0,1,1,0,0,1,0,1,0,0,1,0,1,1,0,0,1,0,1,0,1,0,1,0,1,1,0,1,0,1,1,0,0,1,0,1,0,1,resistant
macaca_nemestrina,1,1,0,1,1,1,1,1,1,1,1,1,1,0,1,0,1,0,1,0,1,0,1,0,1,0,1,0,1,0,1,0,1,0,1,0,1,0,1,0,0,1,0,0,1,0,0,1,0,0,1,1,0,1,1,0,0,1,0,1,0,0,1,0,1,0,1,0,1,0,1,0,1,0,1,0,1,0,1,0,1,0,1,0,1,0,1,0,1,0,1,0,0,1,1,0,0,1,1,0,0,1,0,1,0,0,1,0,1,1,0,0,1,0,1,0,1,0,1,0,1,1,0,1,0,0,0,1,0,1,0,1,0,1,resistant
chlorocebus_sabaeus,1,1,0,1,1,1,1,1,1,1,1,1,0,1,0,1,0,1,0,1,0,1,0,1,0,1,0,1,0,1,0,1,0,1,0,1,0,1,0,0,1,0,1,0,0,1,0,0,1,1,0,1,1,0,1,0,1,0,0,0,1,0,0,1,0,1,0,1,0,1,0,1,0,1,0,1,0,1,0,1,0,1,0,1,0,1,0,1,0,1,0,1,0,1,1,0,0,1,1,0,1,0,0,1,0,0,1,0,1,0,1,0,1,0,1,0,1,0,1,0,1,1,0,1,0,1,1,0,0,1,0,1,0,1,resistant
mandrillus_leucophaeus,1,1,0,1,1,1,1,1,1,1,1,1,0,1,0,1,0,1,0,1,0,1,0,1,0,1,0,1,0,1,0,1,0,1,0,1,0,1,0,0,1,1,0,0,0,1,0,0,0,0,1,0,0,0,0,1,0,0,1,0,0,1,0,1,0,1,0,1,0,1,0,1,0,1,0,1,0,1,0,1,0,1,0,1,0,1,0,1,0,1,0,1,0,1,1,0,0,1,1,0,1,0,0,1,0,0,1,0,1,1,0,0,1,0,1,0,1,0,1,0,1,1,0,1,0,1,1,0,1,0,1,0,1,0,resistant
papio_anubis,0,0,1,0,0,0,0,0,0,0,0,0,0,0,0,0,0,0,0,0,0,0,0,0,1,0,1,0,0,0,0,0,1,0,1,0,1,0,1,0,0,1,0,0,1,0,0,1,0,0,1,1,0,1,1,0,1,0,0,1,0,0,1,0,1,0,1,0,1,0,1,0,1,0,1,0,1,0,1,0,1,0,1,0,1,0,1,0,1,0,1,0,0,1,1,0,0,1,1,0,1,0,0,1,0,0,1,0,1,1,0,0,1,0,1,0,1,0,1,0,1,1,0,1,0,1,0,1,0,1,0,1,0,1,resistant
theropithecus_gelada,1,1,0,1,1,1,1,1,1,1,1,1,0,1,0,1,0,1,0,1,0,1,0,1,0,1,0,1,0,1,0,1,0,1,0,1,0,1,0,0,1,0,0,1,0,0,1,0,0,0,0,0,0,0,0,1,0,0,1,0,0,1,0,1,0,1,0,1,0,1,0,1,0,1,0,1,0,1,0,1,0,1,0,1,0,1,0,1,0,1,0,1,0,1,1,0,0,1,1,0,1,0,0,1,0,0,1,0,1,1,0,0,1,0,1,0,1,0,1,0,1,1,0,1,0,1,1,0,1,0,1,0,1,0,resistant
pongo_abelii,1,1,0,1,1,1,1,1,1,1,1,1,0,1,0,1,0,1,0,1,0,1,0,1,0,1,0,1,0,1,0,1,0,1,0,1,0,1,0,1,0,0,1,0,0,1,0,0,1,1,0,1,1,0,1,0,1,0,0,0,1,0,0,1,0,1,0,1,0,1,0,1,0,1,0,1,0,1,0,1,0,1,0,1,0,1,0,1,0,1,0,1,1,0,1,0,1,0,1,0,0,1,1,0,0,0,1,0,1,0,1,0,1,1,0,0,1,0,1,0,1,1,0,1,0,1,1,0,1,0,1,0,1,0,infected
pan_paniscus,1,1,0,1,1,1,1,1,1,1,1,1,0,1,0,1,0,1,0,1,0,1,0,1,0,1,0,1,0,1,0,1,0,1,0,1,0,1,0,0,1,0,0,1,0,0,1,0,1,1,0,0,1,0,0,0,0,0,0,0,1,0,0,1,0,1,0,1,0,1,0,1,0,1,0,1,0,1,0,1,0,1,0,1,0,1,0,1,0,1,0,1,0,1,1,0,1,0,1,0,0,1,1,0,0,0,1,0,1,0,1,0,1,1,0,0,1,0,1,0,1,1,0,1,0,1,1,0,1,0,1,0,1,0,resistant
nomascus_leucogenys,1,1,0,1,1,1,1,1,1,1,1,1,0,1,0,1,0,1,0,1,0,1,0,1,0,1,0,1,0,1,0,1,0,1,0,1,0,1,0,0,1,0,1,0,0,1,0,0,1,1,0,1,1,0,1,0,1,0,0,0,1,0,0,1,0,1,0,1,0,1,0,1,0,1,0,1,0,1,0,1,0,1,0,1,0,1,0,1,0,1,0,1,1,0,1,0,1,0,1,0,0,1,1,0,0,0,1,0,1,0,1,0,1,1,0,0,1,0,1,0,1,1,0,1,0,1,1,0,1,0,1,0,1,0,resistant
homo_sapiens,1,1,0,1,1,1,1,1,1,1,1,1,0,1,0,1,0,1,0,1,0,1,0,1,0,1,0,1,0,1,0,1,0,1,0,1,0,1,0,0,1,0,1,0,0,1,0,0,1,1,0,1,1,0,1,0,1,0,0,0,1,0,0,1,0,1,0,1,0,1,0,1,0,1,0,1,0,1,0,1,0,1,0,1,0,1,0,1,0,1,0,1,0,1,1,0,1,0,1,0,0,1,1,0,0,0,1,0,1,0,1,0,1,1,0,0,1,0,1,0,1,1,0,1,0,1,1,0,1,0,1,0,1,0,infected
gorilla_gorilla,1,1,0,1,1,1,1,1,1,1,1,1,0,1,0,1,0,1,0,1,0,1,0,1,0,1,0,1,0,1,0,1,0,1,0,1,0,1,0,1,0,0,1,0,0,1,0,0,1,1,0,1,1,0,1,0,1,0,0,0,1,0,0,1,0,1,0,1,0,1,0,1,0,1,0,1,0,1,0,1,0,1,0,1,0,1,0,1,0,1,0,1,0,1,1,0,1,0,1,0,0,1,1,0,0,0,1,0,1,0,1,0,1,1,0,0,1,0,1,0,1,1,0,1,0,1,1,0,1,0,1,0,1,0,infected
pan_troglodytes,1,1,0,1,1,1,1,1,1,1,1,1,0,1,0,1,0,1,0,1,0,1,0,1,0,1,0,1,0,1,0,1,0,1,0,1,0,1,0,0,1,0,1,0,0,1,0,0,1,1,0,1,1,0,1,0,1,0,0,0,1,0,0,1,0,1,0,1,0,1,0,1,0,1,0,1,0,1,0,1,0,1,0,1,0,1,0,1,0,1,0,1,0,1,1,0,1,0,1,0,0,1,1,0,0,0,1,0,1,0,1,0,1,1,0,0,1,0,1,0,1,1,0,1,0,1,1,0,1,0,1,0,1,0,infected
