,tfr1_outer1_pos0_6,tfr1_outer1_pos0_7,tfr1_outer1_pos1_3,tfr1_outer1_pos3_0,tfr1_outer1_pos3_6,tfr1_outer1_pos4_4,tfr1_outer1_pos8_3,tfr1_outer1_pos12_1,tfr1_outer1_pos13_4,tfr1_outer1_pos14_0,tfr1_outer1_pos15_0,tfr1_outer1_pos16_3,tfr1_outer1_pos19_5,tfr1_outer1_pos20_0,tfr1_outer1_pos20_4,tfr1_outer1_pos21_1,tfr1_outer1_pos21_4,tfr1_outer1_pos24_5,tfr1_outer1_pos25_0,tfr1_outer1_pos25_2,tfr1_outer1_pos28_6,tfr1_outer1_pos29_5,tfr1_outer1_pos30_0,tfr1_outer1_pos30_4,tfr1_outer1_pos31_0,tfr1_outer1_pos31_4,tfr1_outer1_pos32_1,tfr1_outer1_pos32_5,tfr1_outer1_pos33_7,tfr1_outer1_pos34_1,tfr1_outer1_pos34_2,tfr1_outer1_pos38_2,tfr1_outer1_pos42_1,tfr1_outer1_pos43_1,tfr1_outer1_pos50_3,tfr1_outer1_pos55_3,tfr1_outer1_pos56_3,tfr1_outer1_pos59_4,tfr1_outer1_pos64_3,tfr1_outer1_pos64_4,tfr1_outer1_pos77_2,tfr1_outer1_pos80_4,tfr1_outer1_pos80_6,tfr1_outer1_pos81_6,tfr1_outer1_pos89_3,tfr1_outer1_pos89_6,tfr1_outer1_pos96_1,tfr1_outer1_pos106_1,tfr1_outer1_pos107_2,tfr1_outer1_pos108_7,tfr1_outer1_pos109_7,tfr1_outer1_pos110_7,tfr1_outer1_pos115_3,tfr1_outer1_pos117_3,tfr1_outer1_pos117_4,tfr1_outer1_pos119_3,tfr1_outer1_pos119_4,tfr1_outer1_pos120_0,tfr1_outer1_pos120_2,tfr1_outer1_pos121_7,tfr1_outer1_pos122_7,tfr1_outer1_pos123_1,tfr1_outer1_pos123_3,tfr1_outer1_pos125_0,tfr1_outer1_pos126_1,tfr1_outer1_pos126_2,tfr1_outer1_pos127_4,tfr1_outer1_pos127_6,tfr1_outer1_pos129_6,tfr1_outer1_pos130_4,tfr1_outer1_pos133_2,tfr1_outer1_pos135_0,tfr1_outer1_pos136_0,tfr1_outer1_pos142_1,tfr1_outer1_pos142_2,tfr1_outer1_pos143_0,tfr1_outer1_pos143_2,tfr1_outer1_pos144_0,tfr1_outer1_pos158_1,tfr1_outer1_pos158_2,tfr1_outer1_pos165_2,tfr1_outer1_pos192_4,tfr1_outer1_pos203_1,tfr1_outer1_pos203_2,tfr1_outer1_pos204_3,tfr1_outer1_pos210_1,tfr1_outer1_pos210_2,tfr1_outer1_pos214_3,tfr1_outer1_pos241_5,tfr1_outer1_pos243_1,tfr1_outer1_pos243_2,tfr1_outer1_pos265_0,tfr1_outer1_pos265_2,tfr1_outer1_pos269_0,tfr1_outer1_pos274_2,tfr1_outer1_pos276_1,tfr1_outer1_pos284_4,tfr1_outer1_pos286_3,tfr1_outer1_pos288_2,tfr1_outer1_pos288_3,tfr1_outer1_pos290_2,tfr1_outer1_pos290_3,tfr1_outer1_pos296_3,tfr1_outer1_pos302_3,tfr1_outer1_pos302_4,tfr1_outer1_pos315_4,tfr1_outer1_pos319_1,tfr1_outer1_pos319_6,tfr1_outer1_pos329_0,tfr1_outer1_pos329_3,tfr1_outer1_pos338_0,tfr1_outer1_pos338_3,tfr1_outer1_pos346_1,tfr1_outer1_pos349_2,tfr1_outer1_pos350_4,tfr1_outer1_pos353_2,tfr1_outer1_pos361_2,tfr1_outer1_pos378_3,tfr1_outer1_pos409_3,tfr1_outer1_pos410_3,tfr1_outer1_pos411_2,tfr1_outer1_pos412_6,tfr1_outer1_pos413_1,tfr1_outer1_pos414_4,tfr1_outer1_pos415_3,tfr1_outer1_pos416_0,tfr1_outer1_pos417_3,tfr1_outer1_pos418_5,tfr1_outer1_pos419_4,tfr1_outer1_pos420_4,tfr1_outer1_pos421_6,tfr1_outer1_pos422_3,tfr1_outer1_pos423_4,tfr1_outer1_pos424_4,tfr1_outer1_pos425_2,tfr1_outer1_pos426_1,tfr1_outer1_pos427_3,tfr1_outer1_pos428_4,tfr1_outer1_pos429_2,tfr1_outer1_pos430_2,tfr1_outer1_pos431_4,tfr1_outer1_pos432_1,tfr1_outer1_pos433_6,tfr1_outer1_pos434_5,tfr1_outer1_pos435_4,tfr1_outer1_pos436_3,tfr1_outer1_pos437_0,tfr1_outer1_pos438_1,tfr1_outer1_pos438_2,tfr1_outer1_pos438_4,tfr1_outer1_pos439_3,tfr1_outer1_pos439_6,tfr1_outer1_pos440_4,tfr1_outer1_pos441_6,tfr1_outer1_pos442_2,tfr1_outer1_pos443_2,tfr1_outer1_pos444_3,tfr1_outer1_pos445_2,tfr1_outer1_pos446_6,tfr1_outer1_pos447_0,tfr1_outer1_pos448_3,tfr1_outer1_pos449_1,tfr1_outer1_pos451_2,tfr1_outer1_pos452_1,tfr1_outer1_pos454_3,tfr1_outer1_pos455_4,tfr1_outer1_pos455_6,tfr1_outer1_pos456_2,tfr1_outer1_pos457_2,tfr1_outer1_pos459_0,tfr1_outer1_pos460_6,tfr1_outer1_pos462_6,tfr1_outer1_pos463_4,tfr1_outer1_pos464_0,tfr1_outer1_pos465_6,tfr1_outer1_pos466_3,tfr1_outer1_pos467_0,tfr1_outer1_pos468_4,tfr1_outer1_pos470_0,tfr1_outer1_pos472_3,tfr1_outer1_pos473_6,tfr1_outer1_pos474_3,tfr1_outer1_pos476_3,tfr1_outer1_pos478_2,tfr1_outer1_pos479_3,tfr1_outer1_pos480_2,tfr1_outer1_pos481_6,tfr1_outer1_pos482_5,tfr1_outer1_pos483_6,tfr1_outer1_pos484_4,tfr1_outer1_pos485_0,tfr1_outer1_pos486_3,tfr1_outer1_pos487_3,tfr1_outer1_pos488_4,tfr1_outer1_pos489_2,tfr1_outer1_pos490_3,tfr1_outer1_pos491_6,tfr1_outer1_pos492_1,tfr1_outer1_pos493_2,tfr1_outer1_pos494_4,tfr1_outer1_pos495_4,tfr1_outer1_pos496_2,tfr1_outer1_pos497_1,tfr1_outer1_pos498_4,tfr1_outer1_pos499_5,tfr1_outer1_pos500_2,tfr1_outer1_pos501_4,tfr1_outer1_pos502_2,tfr1_outer1_pos503_1,tfr1_outer1_pos504_4,tfr1_outer1_pos505_0,tfr1_outer1_pos506_1,tfr1_outer1_pos507_0,tfr1_outer1_pos508_0,tfr1_outer1_pos509_0,tfr1_outer1_pos510_2,tfr1_outer1_pos511_4,tfr1_outer1_pos512_0,tfr1_outer1_pos513_0,tfr1_outer1_pos514_2,tfr1_outer1_pos515_6,tfr1_outer1_pos516_4,tfr1_outer1_pos517_4,tfr1_outer1_pos518_1,tfr1_outer1_pos519_4,tfr1_outer1_pos520_3,tfr1_outer1_pos521_6,tfr1_outer1_pos522_2,tfr1_outer1_pos523_4,tfr1_outer1_pos524_2,tfr1_outer1_pos525_4,tfr1_outer1_pos526_2,tfr1_outer1_pos527_4,tfr1_outer1_pos528_2,tfr1_outer1_pos529_6,tfr1_outer1_pos530_2,tfr1_outer1_pos531_1,tfr1_outer1_pos532_6,tfr1_outer1_pos533_2,tfr1_outer1_pos534_3,tfr1_outer1_pos535_2,tfr1_outer1_pos536_4,tfr1_outer1_pos537_4,tfr1_outer1_pos538_3,tfr1_outer1_pos538_4,tfr1_outer1_pos539_6,tfr1_outer1_pos544_2,tfr1_outer1_pos545_2,tfr1_outer1_pos547_1,tfr1_outer1_pos548_0,tfr1_outer1_pos549_2,tfr1_outer1_pos550_4,tfr1_outer1_pos551_1,tfr1_outer1_pos552_2,tfr1_outer1_pos553_4,tfr1_outer1_pos554_0,tfr1_outer1_pos555_4,tfr1_outer1_pos556_3,tfr1_outer1_pos557_4,tfr1_outer1_pos558_2,tfr1_outer1_pos559_6,tfr1_outer1_pos560_4,tfr1_outer1_pos561_6,tfr1_outer1_pos562_3,tfr1_outer1_pos563_0,tfr1_outer1_pos564_1,tfr1_outer1_pos565_0,tfr1_outer1_pos566_2,tfr1_outer1_pos567_6,tfr1_outer1_pos568_6,tfr1_outer1_pos569_1,tfr1_outer1_pos570_0,tfr1_outer1_pos571_3,tfr1_outer1_pos572_3,tfr1_outer1_pos573_1,tfr1_outer1_pos574_4,tfr1_outer1_pos575_3,tfr1_outer1_pos576_3,tfr1_outer1_pos577_2,tfr1_outer1_pos578_6,tfr1_outer1_pos579_0,tfr1_outer1_pos579_1,tfr1_outer1_pos580_2,tfr1_outer1_pos581_0,tfr1_outer1_pos582_2,tfr1_outer1_pos583_1,tfr1_outer1_pos584_3,tfr1_outer1_pos585_2,tfr1_outer1_pos586_1,tfr1_outer1_pos587_6,tfr1_outer1_pos588_4,tfr1_outer1_pos589_4,tfr1_outer1_pos590_1,tfr1_outer1_pos591_1,tfr1_outer1_pos591_2,tfr1_outer1_pos592_4,tfr1_outer1_pos593_2,tfr1_outer1_pos594_2,tfr1_outer1_pos595_1,tfr1_outer1_pos596_4,tfr1_outer1_pos597_4,tfr1_outer1_pos598_1,tfr1_outer1_pos599_4,tfr1_outer1_pos600_2,tfr1_outer1_pos601_6,tfr1_outer1_pos602_6,tfr1_outer1_pos603_6,tfr1_outer1_pos604_4,tfr1_outer1_pos605_3,tfr1_outer1_pos606_5,tfr1_outer1_pos607_6,tfr1_outer1_pos608_4,tfr1_outer1_pos609_3,tfr1_outer1_pos610_5,tfr1_outer1_pos611_1,tfr1_outer1_pos612_2,tfr1_outer1_pos613_3,tfr1_outer1_pos614_5,tfr1_outer1_pos615_6,tfr1_outer1_pos616_1,tfr1_outer1_pos617_6,tfr1_outer1_pos618_4,tfr1_outer1_pos619_6,tfr1_outer1_pos620_6,tfr1_outer1_pos621_0,tfr1_outer1_pos622_3,tfr1_outer1_pos623_0,tfr1_outer1_pos624_3,tfr1_outer1_pos625_6,tfr1_outer1_pos626_3,tfr1_outer1_pos627_4,tfr1_outer1_pos628_3,tfr1_outer1_pos628_5,tfr1_outer1_pos629_0,tfr1_outer1_pos630_4,tfr1_outer1_pos631_4,tfr1_outer1_pos632_2,tfr1_outer1_pos633_2,tfr1_outer1_pos634_4,tfr1_outer1_pos635_1,tfr1_outer1_pos636_4,tfr1_outer1_pos637_1,tfr1_outer1_pos638_1,tfr1_outer1_pos639_2,tfr1_outer1_pos640_2,tfr1_outer1_pos641_2,tfr1_outer1_pos642_0,tfr1_outer1_pos642_3,tfr1_outer1_pos643_0,tfr1_outer1_pos644_6,tfr1_outer1_pos645_2,tfr1_outer1_pos646_2,tfr1_outer1_pos647_3,tfr1_outer1_pos648_4,tfr1_outer1_pos649_6,tfr1_outer1_pos650_1,tfr1_outer1_pos651_2,tfr1_outer1_pos652_2,tfr1_outer1_pos653_4,tfr1_outer1_pos654_0,tfr1_outer1_pos655_4,tfr1_outer1_pos656_0,tfr1_outer1_pos657_3,tfr1_outer1_pos658_6,tfr1_outer1_pos659_3,tfr1_outer1_pos660_4,tfr1_outer1_pos661_2,tfr1_outer1_pos662_0,tfr1_outer1_pos663_0,tfr1_outer1_pos664_0,tfr1_outer1_pos665_2,tfr1_outer1_pos666_0,tfr1_outer1_pos667_4,tfr1_outer1_pos668_3,tfr1_outer1_pos669_0,tfr1_outer1_pos670_2,tfr1_outer1_pos671_4,tfr1_outer1_pos672_6,tfr1_outer1_pos673_2,tfr1_outer1_pos674_4,tfr1_outer1_pos675_2,tfr1_outer1_pos676_2,tfr1_outer1_pos677_2,tfr1_outer1_pos678_6,Species
galeopterus_variegatus,0,1,0,0,0,0,0,0,0,0,0,1,0,0,0,0,1,0,0,0,1,1,0,0,0,1,0,1,0,0,1,0,0,0,1,1,0,0,1,0,0,0,1,0,0,1,1,1,0,1,1,1,0,1,0,0,1,0,1,1,1,0,0,0,0,1,0,0,0,0,0,0,1,1,0,1,0,0,1,0,1,1,0,0,0,1,0,0,1,0,1,1,0,0,0,0,0,0,1,0,0,0,0,1,0,0,1,0,1,0,0,1,1,0,1,1,0,0,1,1,1,1,1,1,1,1,1,1,1,1,1,1,1,1,1,1,1,1,1,1,1,1,1,1,1,1,1,1,0,0,1,0,1,1,1,1,1,1,1,0,0,1,1,1,1,0,1,1,1,1,1,1,1,1,1,1,1,1,1,1,1,1,0,1,1,1,1,1,1,1,0,1,1,1,1,1,1,0,0,1,0,1,0,1,1,1,1,1,1,1,1,1,1,1,1,1,1,1,1,1,1,1,1,1,1,1,1,1,1,1,1,1,1,1,1,1,0,1,1,0,0,1,1,1,0,1,1,1,1,1,1,1,1,1,1,1,1,0,1,1,1,1,1,1,1,1,1,1,1,1,1,1,1,1,1,1,1,1,1,1,0,1,1,1,1,1,1,1,1,1,1,1,1,0,1,1,1,1,1,1,1,1,1,1,1,1,1,1,1,1,1,1,1,1,1,1,0,1,1,1,1,1,1,1,1,1,1,1,1,1,1,1,0,1,1,1,1,1,1,1,1,1,0,0,1,1,1,0,1,1,1,0,1,1,0,1,1,1,1,1,1,1,1,1,1,1,1,1,1,1,1,1,1,1,1,1,1,1,1,1,1,1,1,1,resistant
aotus_nancymaae,1,0,1,0,1,1,1,0,1,1,1,1,1,1,0,0,1,1,0,1,1,1,0,1,0,1,0,1,1,0,1,1,1,1,1,1,1,1,1,0,1,0,1,1,1,0,0,1,1,0,1,1,1,1,0,1,0,1,0,1,1,0,1,1,0,1,0,1,1,1,1,1,1,0,1,0,1,1,0,1,1,0,1,0,0,0,1,1,1,1,0,0,1,1,1,1,1,1,1,0,0,1,1,0,1,1,1,0,0,1,0,1,1,1,0,1,1,1,1,1,1,1,1,1,1,1,1,1,1,1,1,1,1,1,1,1,1,1,1,1,1,1,1,1,1,1,1,0,0,1,1,0,1,1,1,1,1,1,1,1,1,1,1,1,1,0,1,1,1,1,1,1,1,1,1,1,1,1,1,1,1,1,1,0,1,0,0,0,0,0,0,0,0,0,0,0,0,0,0,0,0,0,0,0,0,0,0,0,0,0,0,0,0,0,0,0,0,0,0,0,0,0,0,0,0,0,0,0,0,0,0,0,0,0,0,0,0,0,0,0,0,0,0,0,0,0,0,0,0,0,0,0,0,0,0,0,0,0,0,0,0,0,0,0,0,0,0,0,0,0,0,0,0,0,0,0,0,0,0,0,0,0,0,0,0,0,0,0,0,0,0,0,0,0,0,0,0,0,0,0,0,0,0,0,0,0,0,0,0,0,0,0,0,0,0,0,0,0,0,0,0,0,0,0,0,0,0,0,0,0,0,0,0,0,0,0,0,0,0,0,0,0,0,0,0,0,0,0,0,0,0,0,0,0,0,0,0,0,0,0,0,0,0,0,0,0,0,0,0,0,0,0,0,0,0,0,0,0,0,0,0,0,0,0,infected
aotus_trivirgatus,0,1,1,0,1,1,1,0,1,1,1,1,1,1,0,0,1,1,0,1,1,1,0,1,0,1,0,1,1,0,1,1,1,1,1,1,1,1,1,0,1,0,1,1,1,0,0,1,1,1,1,1,1,1,0,1,0,1,0,1,1,0,1,1,0,1,0,1,1,1,1,1,1,0,1,0,1,1,0,1,1,0,1,0,1,0,1,1,1,1,0,0,1,1,1,1,1,1,1,0,0,1,1,0,1,1,1,0,0,1,0,1,1,1,0,1,1,1,1,1,1,1,1,1,1,1,1,1,1,1,1,1,1,1,1,1,1,1,1,1,1,1,1,1,1,1,1,0,0,1,1,0,1,1,1,1,1,1,1,1,1,1,1,1,1,0,1,1,1,1,1,1,1,1,1,1,1,1,1,1,1,1,1,1,0,1,1,1,1,1,1,1,1,1,1,1,1,1,1,1,1,1,1,1,1,1,1,1,1,1,1,1,1,1,1,1,1,1,1,1,1,1,1,1,1,1,1,1,0,1,1,1,1,1,1,1,1,1,1,1,1,1,1,0,1,1,1,1,1,1,1,1,1,1,1,1,1,1,1,1,1,1,1,1,1,1,1,1,1,1,1,1,1,1,1,1,1,1,1,1,0,1,1,0,1,0,1,1,1,1,1,1,1,0,1,1,1,1,1,1,1,1,1,1,1,0,1,1,1,1,1,1,1,1,1,1,1,1,1,1,1,1,1,1,1,1,1,1,1,1,1,1,0,1,1,1,0,0,1,1,1,1,1,0,1,0,0,0,1,1,1,1,1,1,1,1,1,1,1,1,1,1,1,1,1,1,1,1,1,1,1,1,1,1,1,1,1,1,1,1,1,1,1,1,resistant
callithrix_jacchus,0,1,1,0,1,1,0,1,1,1,1,1,1,1,0,0,1,1,0,1,0,1,0,1,0,1,0,1,1,0,1,1,1,0,1,1,1,1,1,0,1,0,1,1,1,0,1,1,1,1,1,1,1,1,0,1,0,1,0,1,1,0,1,0,0,1,0,1,1,1,1,1,1,0,1,0,1,1,0,1,1,0,1,0,1,0,1,1,1,1,0,0,1,1,1,1,1,1,1,0,0,1,1,0,1,1,1,0,0,1,0,1,0,1,0,1,1,1,1,1,1,1,1,1,1,1,1,1,1,1,1,0,1,1,1,1,1,1,1,1,1,1,1,1,1,1,1,0,0,1,1,0,1,1,1,1,1,1,1,1,1,1,1,1,1,0,1,1,1,1,1,1,1,1,1,1,1,1,1,1,1,1,1,1,1,1,1,1,1,1,1,1,1,1,1,1,1,1,1,1,1,1,1,1,1,1,1,1,1,1,1,1,1,1,1,1,1,1,1,1,1,1,1,1,1,1,1,1,1,1,1,1,1,1,1,1,1,1,1,1,1,1,1,1,0,1,1,1,1,1,1,1,1,1,1,1,1,1,1,1,1,1,1,1,1,1,1,1,1,1,1,1,1,1,1,1,1,1,1,1,0,1,1,0,1,1,1,1,1,1,1,1,1,0,1,1,1,1,1,1,1,1,1,1,1,1,1,1,1,1,1,1,1,1,1,1,1,1,1,1,1,1,1,1,1,1,1,1,1,1,1,1,0,1,1,1,1,0,1,1,1,1,1,0,1,1,0,0,1,1,1,1,1,1,1,1,1,1,1,1,1,1,1,1,1,1,1,1,1,1,1,1,1,1,1,1,1,1,1,1,1,1,1,1,resistant
cebus_capucinus,1,0,1,0,1,1,1,1,1,1,1,1,1,1,0,0,1,1,0,1,1,1,0,1,1,0,0,1,1,0,1,1,1,1,1,1,1,1,0,1,1,0,1,1,1,0,1,1,1,1,1,1,1,1,0,1,0,1,0,1,1,0,1,0,0,1,0,1,1,1,1,1,1,0,1,0,1,1,0,1,1,0,1,0,1,0,1,1,1,1,0,0,1,1,1,1,1,1,1,0,0,1,1,0,1,1,1,0,0,1,0,1,1,1,1,1,0,1,1,1,1,1,1,1,1,1,1,1,1,1,1,1,1,1,1,1,1,1,1,1,1,1,1,1,1,1,1,0,0,1,1,0,1,1,1,1,1,1,1,1,1,1,1,1,1,0,1,1,1,1,1,1,1,1,1,1,1,1,1,1,1,1,1,1,1,1,1,1,1,1,1,1,1,1,1,1,1,1,1,1,1,1,1,1,1,1,1,1,1,1,1,1,1,1,1,1,1,1,1,1,0,1,1,1,1,1,1,1,1,1,1,1,1,1,1,1,1,1,1,1,1,1,1,0,1,1,1,1,1,1,1,1,1,1,1,1,1,1,1,1,1,1,1,1,1,1,1,1,1,1,1,1,1,1,1,1,1,1,1,1,0,1,1,0,1,1,1,1,1,1,1,1,1,0,1,1,1,1,1,1,1,1,1,1,1,1,1,1,1,1,1,1,1,1,1,1,1,1,1,1,1,1,1,1,1,1,1,1,1,1,1,1,0,1,1,1,1,1,1,1,1,1,1,0,1,1,0,0,1,1,1,1,1,1,1,1,1,1,1,1,1,1,1,1,1,1,1,1,1,1,1,1,1,1,1,1,1,1,1,1,1,1,1,1,resistant
nomascus_leucogenys,0,1,1,1,0,1,1,1,1,1,1,1,1,0,1,1,0,1,1,0,1,0,1,0,1,0,0,1,1,1,0,1,1,1,1,1,1,1,1,0,1,1,0,1,0,1,1,0,1,0,0,0,0,0,1,0,1,0,1,0,0,1,0,1,1,0,1,0,1,1,1,1,0,1,0,1,0,1,1,0,1,1,0,1,1,0,1,1,1,1,0,1,0,1,1,1,1,1,0,1,0,1,1,0,1,1,0,1,1,0,0,1,1,1,1,1,1,1,0,0,0,0,0,0,0,0,0,0,0,0,0,0,0,0,0,0,0,0,0,0,0,0,0,0,0,0,0,0,0,0,0,0,0,0,0,0,0,0,0,0,0,0,0,0,0,1,0,0,0,0,0,0,0,0,0,0,0,0,0,0,0,0,0,1,1,1,1,1,1,1,1,1,1,1,1,1,1,1,1,1,1,1,1,1,1,1,1,1,1,1,1,1,1,1,1,1,1,1,1,1,0,1,1,1,1,1,1,1,1,1,1,1,1,1,0,1,1,1,1,1,1,1,1,1,0,1,1,1,1,1,1,1,1,1,1,1,1,1,1,1,1,1,1,1,1,1,1,1,1,1,1,1,1,1,1,1,1,1,1,1,1,0,1,1,1,1,1,1,1,1,1,1,1,1,0,1,1,1,1,1,1,1,1,1,1,1,1,1,1,1,1,1,1,1,1,1,1,1,1,1,1,1,1,1,1,1,1,1,1,1,1,1,0,1,1,1,1,1,1,1,1,1,1,1,1,1,1,0,1,1,1,1,1,1,1,1,1,1,1,1,1,1,1,1,1,1,1,1,1,1,1,1,1,1,1,1,1,1,1,1,1,1,1,1,resistant
chlorocebus_aethiops,0,1,1,1,0,1,1,1,1,1,1,1,1,0,1,1,0,1,0,1,1,1,1,0,1,0,0,1,1,1,0,1,1,1,0,1,1,1,0,1,1,1,0,1,0,1,1,1,1,1,1,1,1,0,1,0,1,0,1,1,1,1,0,1,0,0,1,0,1,1,1,1,1,1,0,1,0,1,1,0,1,1,1,0,1,1,0,1,0,0,1,1,0,1,1,1,1,1,1,0,0,1,1,1,0,1,0,1,1,0,0,1,1,1,1,1,1,1,1,1,1,1,1,1,1,1,1,1,1,1,1,1,1,1,1,1,1,1,1,1,1,1,1,1,1,1,1,1,0,0,1,0,1,1,1,1,1,1,1,1,1,1,1,1,1,1,0,1,1,1,1,1,1,1,1,1,1,1,1,1,1,1,1,1,1,1,1,1,1,1,1,1,1,1,1,1,1,1,1,1,1,1,1,1,1,1,1,1,1,1,1,1,1,1,1,1,1,1,1,1,1,1,1,1,1,1,1,1,1,1,1,1,1,1,1,1,1,1,1,1,1,1,1,0,1,1,1,1,1,1,1,1,1,1,1,1,1,1,1,1,1,1,1,1,1,1,1,1,1,1,1,1,1,1,1,1,1,1,1,1,0,1,1,1,1,1,1,1,1,1,1,1,1,1,0,1,1,1,1,1,1,1,1,1,1,1,1,1,1,1,1,1,1,1,1,1,1,1,1,1,1,1,1,1,1,1,1,0,1,1,1,1,0,1,1,1,1,1,1,1,1,1,1,1,1,1,0,1,1,1,1,1,1,1,1,1,1,1,1,1,1,1,1,1,1,1,1,1,1,1,1,1,1,1,1,1,1,1,1,1,1,1,1,1,resistant
macaca_mulatta,1,0,1,1,0,1,1,1,1,1,1,1,1,1,0,1,0,1,0,1,1,1,1,0,1,0,0,1,1,1,0,1,1,1,1,1,1,1,0,1,1,1,0,1,0,1,1,1,1,1,1,1,1,0,1,0,1,0,1,1,1,1,0,1,0,0,1,0,1,1,1,1,1,1,0,1,0,1,1,0,1,1,0,1,1,1,0,1,1,0,1,1,0,1,1,1,1,1,1,0,0,1,1,1,0,1,0,1,1,0,0,1,1,1,1,1,1,1,1,1,1,1,1,1,1,1,1,1,1,1,1,1,1,1,1,1,1,1,1,1,1,1,1,1,1,1,1,1,0,0,1,0,1,1,1,1,1,1,1,1,1,1,1,1,1,1,0,1,1,1,1,1,1,1,1,1,1,1,1,1,1,1,1,1,1,1,1,1,1,1,1,1,1,1,1,1,1,1,1,1,1,1,1,1,1,1,1,1,1,1,1,1,1,1,1,1,1,1,1,1,1,1,1,1,1,1,1,1,0,1,1,1,1,1,1,1,1,1,1,1,1,1,1,0,1,1,1,1,1,1,1,1,1,1,1,1,1,1,1,1,1,1,1,1,1,1,1,1,1,1,1,1,1,1,1,1,1,1,1,1,0,1,1,1,1,1,0,1,1,1,1,1,1,1,0,1,1,1,1,1,1,1,1,1,1,1,1,1,1,1,1,1,1,1,1,1,1,1,1,1,1,1,1,1,1,1,1,1,1,1,1,1,0,1,1,1,1,0,1,1,1,1,1,1,1,1,0,1,1,1,1,1,1,1,1,1,1,1,1,1,1,1,1,1,1,1,1,1,1,1,1,1,1,1,1,1,1,1,1,1,1,1,1,1,resistant
papio_anubis,0,1,1,1,0,1,1,1,1,1,1,1,1,1,0,1,0,1,0,1,1,1,1,0,1,0,0,1,1,1,0,1,1,1,1,1,1,1,0,1,1,1,0,1,0,1,1,1,1,1,1,1,1,0,1,0,1,0,1,1,1,1,0,1,0,0,1,0,1,1,1,1,1,1,0,1,0,1,1,0,1,1,1,0,1,1,0,1,1,0,1,1,0,1,1,1,1,1,1,0,1,0,1,1,0,1,0,1,1,0,0,1,1,1,1,1,1,1,1,1,1,1,1,1,1,1,1,1,1,1,1,1,1,1,1,1,1,1,1,1,1,1,1,1,1,1,1,1,0,0,1,0,1,1,1,1,1,1,1,1,1,1,1,1,1,1,0,1,1,1,1,1,1,1,1,1,1,1,1,1,1,1,1,1,1,1,1,1,1,1,1,1,1,1,1,1,1,1,1,1,1,1,1,1,1,1,1,1,1,1,1,1,1,1,1,1,1,1,1,1,1,1,1,1,1,1,1,1,1,1,1,1,1,1,1,1,1,1,1,1,1,1,1,0,1,1,1,1,1,1,1,1,1,1,1,1,1,1,1,1,1,1,1,1,1,1,1,1,1,1,1,1,1,1,1,1,1,1,1,1,0,1,1,1,1,1,1,1,1,1,1,1,1,1,0,1,1,1,1,1,1,1,1,1,1,1,1,1,1,1,1,1,1,1,1,1,1,1,1,1,1,1,1,1,1,1,1,1,1,1,1,1,0,1,1,1,1,0,1,1,1,1,1,1,1,1,0,1,1,1,1,1,1,1,1,1,1,1,1,1,1,1,1,1,1,1,1,1,1,1,1,1,1,1,1,1,1,1,1,1,1,1,1,1,resistant
pongo_abelii,1,0,1,1,0,1,1,1,1,1,1,1,1,0,1,1,0,1,0,1,1,1,1,0,1,0,0,1,1,1,0,1,1,1,1,1,1,1,1,0,1,1,0,1,0,1,1,1,1,1,1,1,1,0,1,0,1,0,1,1,1,1,0,1,1,0,1,0,1,1,1,1,1,1,0,1,0,1,1,0,1,1,0,1,1,0,1,1,1,1,0,1,0,1,1,1,1,1,0,1,1,0,1,0,1,1,0,1,1,0,1,0,1,1,1,1,1,1,1,1,1,1,1,1,1,1,1,1,1,1,1,1,1,1,1,1,1,1,1,1,1,1,1,1,1,1,1,0,1,0,1,0,1,1,1,1,1,1,1,1,1,1,1,1,1,1,0,1,1,1,1,1,1,1,1,1,1,1,1,1,1,1,1,1,1,1,1,1,1,1,1,1,1,1,1,1,1,1,1,1,0,1,1,1,1,1,1,1,1,1,1,1,1,1,1,1,1,1,1,1,1,1,1,1,1,1,1,1,1,1,1,1,1,1,1,1,1,1,1,1,1,1,1,1,0,1,1,1,1,1,1,1,1,1,1,1,1,1,1,1,1,1,1,1,1,1,1,1,1,1,1,1,1,1,1,1,1,1,1,1,1,0,1,1,1,1,1,1,1,1,1,1,1,1,0,1,1,1,1,1,1,1,1,1,1,1,1,1,1,1,1,1,1,1,1,1,1,1,1,1,1,1,1,1,1,1,1,1,1,1,1,1,0,1,1,1,1,1,1,1,1,1,1,1,1,1,0,1,1,1,1,1,1,1,1,1,1,1,1,1,1,1,1,1,1,1,1,1,1,1,1,1,1,1,1,1,1,1,1,1,1,1,1,1,infected
pan_paniscus,1,0,1,1,0,1,1,1,1,1,1,1,1,0,1,1,0,1,1,0,1,1,1,0,1,0,1,0,1,0,0,1,1,1,1,0,1,1,1,0,1,1,0,1,0,1,1,1,1,1,1,1,1,0,1,0,1,0,1,1,1,1,0,1,0,0,1,0,1,1,1,1,1,1,0,1,0,1,1,0,0,1,0,1,1,0,1,1,1,1,0,1,0,1,1,1,1,1,0,1,1,0,1,0,1,1,0,1,1,0,1,0,1,1,1,1,1,1,1,1,1,1,1,1,1,1,1,1,1,1,1,1,1,1,1,1,1,1,1,1,1,1,1,1,1,1,1,0,1,0,0,1,1,1,1,1,1,1,1,1,1,1,1,1,1,1,0,1,1,1,1,1,1,1,1,1,1,1,1,1,1,1,1,1,1,1,1,1,1,1,1,1,1,1,1,1,1,1,1,1,1,1,1,1,1,1,1,1,1,1,1,1,1,1,1,1,1,1,1,1,1,1,1,1,1,1,1,1,1,1,1,1,1,1,1,1,1,1,1,1,1,1,1,1,0,1,1,1,1,1,1,1,1,1,1,1,1,1,1,1,1,1,1,1,1,1,1,1,1,1,1,1,1,1,1,1,1,1,1,1,1,0,1,1,1,1,1,1,1,1,1,1,1,1,0,1,1,1,1,1,1,1,1,1,1,1,1,1,1,1,1,1,1,1,1,1,1,1,1,1,1,1,1,1,1,1,1,1,1,1,1,0,1,1,1,1,1,1,1,1,1,1,1,1,1,1,1,0,1,1,1,1,1,1,1,1,1,1,1,1,1,1,1,1,1,1,1,1,1,1,1,1,1,1,1,1,1,1,1,1,1,1,1,1,resistant
pan_troglodytes,1,0,1,1,0,1,1,1,1,1,1,1,1,0,1,1,0,1,1,0,1,1,1,0,1,0,1,0,1,1,0,1,1,1,1,0,1,1,1,0,1,1,0,1,0,1,1,1,1,1,1,1,1,0,1,0,1,0,1,1,1,1,0,1,0,0,1,0,1,1,1,1,1,1,0,1,0,1,1,0,0,1,0,1,1,0,1,1,1,1,0,1,0,1,1,1,1,1,0,1,1,0,1,0,1,1,0,1,1,0,1,0,1,1,1,0,1,1,1,1,1,1,1,1,1,1,1,1,1,1,1,1,1,1,1,1,1,1,1,1,1,1,1,1,1,1,1,0,1,0,0,1,1,1,1,1,1,1,1,1,1,1,1,1,1,1,0,1,1,1,1,1,1,1,1,1,1,1,1,1,1,1,1,1,1,1,1,1,1,1,1,1,1,1,1,1,1,1,1,1,1,1,1,1,1,1,1,1,1,1,1,1,1,1,1,1,1,1,1,1,1,1,1,1,1,1,1,1,1,1,1,1,1,1,1,1,1,1,1,1,1,1,1,1,0,1,1,1,1,1,1,1,1,1,1,1,1,1,1,1,1,1,1,1,1,1,1,1,1,1,1,1,1,1,1,1,1,1,1,1,1,0,1,1,1,1,1,1,1,1,1,1,1,1,0,1,1,1,1,1,1,1,1,1,1,1,1,1,1,1,1,1,1,1,1,1,1,1,1,1,1,1,1,1,1,1,1,1,1,1,1,0,1,1,1,1,1,1,1,1,1,1,1,1,1,1,1,0,1,1,1,1,1,1,1,1,1,1,1,1,1,1,1,1,1,1,1,1,1,1,1,1,1,1,1,1,1,1,1,1,1,1,1,1,infected
homo_sapiens,0,1,1,1,0,1,1,1,1,1,1,1,1,0,1,1,0,1,1,0,1,1,1,0,1,0,1,0,1,1,0,1,1,1,1,0,1,1,1,0,1,1,0,1,0,1,1,1,1,1,1,1,1,0,1,0,1,0,1,1,1,1,0,1,1,0,1,0,1,1,1,1,1,1,0,1,0,1,1,0,0,1,0,1,1,0,1,1,1,1,0,1,0,1,1,1,1,1,0,1,1,0,1,0,1,1,0,1,1,0,1,0,1,1,1,1,1,1,1,1,1,1,1,1,1,1,1,1,1,1,1,1,1,1,1,1,1,1,1,1,1,1,1,1,1,1,1,0,1,0,0,1,1,1,1,1,1,1,1,1,1,1,1,1,1,1,0,1,1,1,1,1,1,1,1,1,1,1,1,1,1,1,1,1,1,1,1,1,1,1,1,1,1,1,1,1,1,1,1,1,1,1,1,1,1,1,1,1,1,1,1,1,1,1,1,1,1,1,1,1,1,1,1,1,1,1,1,1,1,1,1,1,1,1,1,1,1,1,1,1,1,1,1,1,0,1,1,1,1,1,1,1,1,1,1,1,1,1,1,1,1,1,1,1,1,1,1,1,1,1,1,1,1,1,1,1,1,1,1,1,1,0,1,1,1,1,1,1,1,1,1,1,1,1,0,1,1,1,1,1,1,1,1,1,1,1,1,1,1,1,1,1,1,1,1,1,1,1,1,1,1,1,1,1,1,1,1,1,1,1,1,0,1,1,1,1,1,1,1,1,1,1,1,1,1,1,1,0,1,1,1,1,1,1,1,1,1,1,1,1,1,1,1,1,1,1,1,1,1,1,1,1,1,1,1,1,1,1,1,1,1,1,1,1,infected
gorilla_gorilla,1,0,1,1,0,1,1,1,1,1,1,0,1,0,1,1,0,1,1,0,1,1,1,0,1,0,1,0,1,1,0,1,1,1,1,1,1,1,1,0,1,1,0,1,0,1,1,1,1,1,1,1,1,0,1,0,1,0,1,1,1,1,0,1,1,0,1,0,1,1,1,1,1,1,0,1,0,1,1,0,1,1,0,1,1,0,1,1,1,1,0,1,0,1,1,1,1,1,0,1,1,0,1,0,1,1,0,1,1,0,1,0,1,1,1,1,1,1,1,1,1,1,1,1,1,1,1,1,1,1,1,1,1,1,1,1,1,1,1,1,1,1,1,1,1,1,1,0,1,0,0,1,1,1,1,1,1,1,1,1,1,1,1,1,1,1,0,1,1,1,1,1,1,1,1,1,1,1,1,1,1,1,1,1,1,1,1,1,1,1,1,1,1,1,1,1,1,1,1,1,1,1,1,1,1,1,1,1,1,1,1,1,1,1,1,1,1,1,1,1,1,1,1,1,1,1,1,1,1,1,1,1,1,1,1,1,1,1,1,1,1,1,1,1,0,1,1,1,1,1,1,1,1,1,1,1,1,1,1,1,1,1,1,1,1,1,1,1,1,1,1,1,1,1,1,1,1,1,1,1,1,0,1,1,1,1,1,1,1,1,1,1,1,1,0,1,1,1,1,1,1,1,1,1,1,1,1,1,1,1,1,1,1,1,1,1,1,1,1,1,1,1,1,1,1,1,1,1,1,1,1,0,1,1,1,1,1,1,1,1,1,1,1,1,1,1,1,0,1,1,1,1,1,1,1,1,1,1,1,1,1,1,1,1,1,1,1,1,1,1,1,1,1,1,1,1,1,1,1,1,1,1,1,1,infected
