,epha2_outer1_35N,epha2_outer1_35D,epha2_outer1_113Q,epha2_outer1_113L,epha2_outer1_133A,epha2_outer1_133T,epha2_outer1_135H,epha2_outer1_135L,epha2_outer1_182G,epha2_outer1_182S,epha2_outer1_185R,epha2_outer1_185H,epha2_outer1_260A,epha2_outer1_260V,epha2_outer1_280A,epha2_outer1_280T,epha2_outer1_296A,epha2_outer1_296M,epha2_outer1_296V,epha2_outer1_324T,epha2_outer1_339V,epha2_outer1_356A,epha2_outer1_356S,epha2_outer1_357S,epha2_outer1_357T,epha2_outer1_359R,epha2_outer1_365H,epha2_outer1_366R,epha2_outer1_366G,epha2_outer1_384T,epha2_outer1_395G,epha2_outer1_395S,epha2_outer1_398T,epha2_outer1_478I,epha2_outer1_478T,epha2_outer1_510N,epha2_outer1_510S,epha2_outer1_510T,epha2_outer1_511L,epha2_outer1_511M,epha2_outer1_515G,epha2_outer1_515V,epha2_outer1_516G,epha2_outer1_516S,epha2_outer1_518A,epha2_outer1_518-,Species
gorilla_gorilla,1,0,0,1,1,0,1,0,1,0,0,1,1,0,0,1,0,0,1,0,0,0,1,0,0,0,0,0,1,0,0,0,0,0,1,1,0,0,1,0,1,0,0,1,0,1,infected
macaca_mulatta,1,0,0,1,1,0,1,0,0,1,1,0,0,0,0,1,0,1,0,1,1,0,1,1,0,1,1,0,1,1,1,0,1,0,1,0,1,0,1,0,1,0,1,0,1,0,resistant
mandrillus_leucophaeus,1,0,0,1,1,0,1,0,0,1,1,0,0,1,0,1,0,1,0,1,0,0,1,1,0,1,1,1,0,1,1,0,1,0,1,0,1,0,1,0,1,0,1,0,1,0,resistant
papio_anubis,1,0,0,1,1,0,1,0,0,1,1,0,0,1,0,1,0,1,0,1,1,0,1,1,0,1,1,0,1,1,1,0,1,0,1,0,1,0,1,0,1,0,1,0,1,0,resistant
cercocebus_atys,1,0,0,1,1,0,1,0,0,1,1,0,0,1,0,1,0,1,0,1,1,0,1,1,0,1,1,0,1,1,1,0,1,0,1,0,1,0,1,0,1,0,1,0,1,0,resistant
macaca_fascicularis,1,0,0,1,1,0,1,0,0,1,1,0,0,1,0,1,0,1,0,1,1,0,1,1,0,1,1,0,1,1,1,0,1,0,1,0,1,0,1,0,1,0,1,0,1,0,resistant
colobus_angolensis,1,0,0,1,1,0,1,0,1,0,1,0,0,1,0,1,0,1,0,1,1,1,0,1,0,1,1,0,1,1,1,0,0,1,0,0,0,1,1,0,1,0,1,0,1,0,resistant
piliocolobus_tephrosceles,1,0,0,1,1,0,1,0,1,0,1,0,0,1,0,1,0,1,0,1,1,1,0,1,0,1,1,0,1,1,1,0,1,0,1,0,0,1,1,0,1,0,1,0,1,0,resistant
rhinopithecus_roxellana,1,0,0,1,1,0,1,0,1,0,1,0,0,1,0,1,0,1,0,1,1,1,0,1,0,1,1,0,1,1,1,0,1,0,1,0,0,1,1,0,1,0,1,0,1,0,resistant
nomascus_leucogenys,1,0,0,1,1,0,1,0,1,0,0,1,1,0,0,1,0,0,1,1,1,1,0,1,0,1,0,0,1,0,1,0,1,0,1,1,0,0,1,0,1,0,1,0,1,0,resistant
pan_paniscus,1,0,0,1,1,0,1,0,1,0,0,1,1,0,0,1,1,0,0,0,1,1,0,1,0,1,1,0,1,1,1,0,1,0,1,1,0,0,1,0,1,0,1,0,1,0,resistant
pongo_abelii,1,0,0,1,1,0,1,0,1,0,0,1,1,0,0,1,1,0,0,1,1,1,0,1,0,1,1,0,1,1,1,0,1,0,1,1,0,0,1,0,0,0,1,0,1,0,infected
pan_troglodytes,1,0,0,1,1,0,1,0,1,0,0,1,1,0,0,1,1,0,0,1,1,1,0,1,0,1,1,1,0,1,1,0,1,0,1,1,0,0,1,0,1,0,1,0,1,0,infected
homo_sapiens,1,0,0,1,1,0,1,0,1,0,0,1,1,0,0,1,1,0,0,1,1,1,0,1,0,1,1,0,1,1,1,0,1,0,1,1,0,0,1,0,1,0,1,0,1,0,infected
callithrix_jacchus,0,1,1,0,0,1,0,1,1,0,1,0,1,0,1,0,0,0,1,1,1,1,0,0,1,0,1,1,0,1,0,1,1,0,1,1,0,0,0,1,0,1,1,0,0,1,resistant
saimiri_boliviensis,0,1,1,0,0,1,0,1,1,0,1,0,1,0,1,0,0,0,1,1,1,1,0,0,1,1,1,1,0,1,0,1,1,0,1,1,0,0,0,1,1,0,0,1,1,0,infected
aotus_nancymaae,0,1,1,0,0,1,0,1,1,0,1,0,1,0,1,0,0,0,1,1,1,1,0,0,1,1,1,1,0,1,0,1,1,1,0,1,0,0,0,0,1,0,1,0,1,0,infected
cebus_capucinus,0,1,1,0,0,1,0,1,1,0,1,0,1,0,1,0,0,0,1,1,1,1,0,0,1,1,1,0,1,1,0,1,1,0,1,1,0,0,0,1,0,1,1,0,0,1,resistant
