,epha2_outer1_pos113_2,epha2_outer1_pos113_4,epha2_outer1_pos133_0,epha2_outer1_pos133_3,epha2_outer1_pos135_4,epha2_outer1_pos135_6,epha2_outer1_pos182_0,epha2_outer1_pos182_3,epha2_outer1_pos185_1,epha2_outer1_pos185_6,epha2_outer1_pos260_0,epha2_outer1_pos260_4,epha2_outer1_pos280_0,epha2_outer1_pos280_3,epha2_outer1_pos296_0,epha2_outer1_pos296_4,epha2_outer1_pos324_3,epha2_outer1_pos356_0,epha2_outer1_pos356_3,epha2_outer1_pos359_1,epha2_outer1_pos365_6,epha2_outer1_pos366_0,epha2_outer1_pos366_1,epha2_outer1_pos395_0,epha2_outer1_pos395_3,epha2_outer1_pos478_3,epha2_outer1_pos478_4,epha2_outer1_pos510_2,epha2_outer1_pos510_3,epha2_outer1_pos515_0,epha2_outer1_pos515_4,epha2_outer1_pos516_0,epha2_outer1_pos516_3,epha2_outer1_pos518_0,epha2_outer1_pos518_7,Species
gorilla_gorilla,0,1,1,0,0,1,1,0,0,1,1,0,0,1,0,1,0,0,1,0,0,1,0,0,0,1,0,1,0,1,0,0,1,0,1,infected
macaca_mulatta,0,1,1,0,0,1,0,1,1,0,1,0,0,1,0,1,1,0,1,1,1,1,0,1,0,1,0,0,1,1,0,1,0,1,0,resistant
mandrillus_leucophaeus,0,1,1,0,0,1,0,1,1,0,0,1,0,1,0,1,1,0,1,1,1,0,1,1,0,1,0,0,1,1,0,1,0,1,0,resistant
papio_anubis,0,1,1,0,0,1,0,1,1,0,0,1,0,1,0,1,1,0,1,1,1,1,0,1,0,1,0,0,1,1,0,1,0,1,0,resistant
cercocebus_atys,0,1,1,0,0,1,0,1,1,0,0,1,0,1,0,1,1,0,1,1,1,1,0,1,0,1,0,0,1,1,0,1,0,1,0,resistant
macaca_fascicularis,0,1,1,0,0,1,0,1,1,0,0,1,0,1,0,1,1,0,1,1,1,1,0,1,0,1,0,0,1,1,0,1,0,1,0,resistant
colobus_angolensis_palliatus,0,1,1,0,0,1,1,0,1,0,0,1,0,1,0,1,1,1,0,1,1,1,0,1,0,0,1,0,1,1,0,1,0,1,0,resistant
piliocolobus_tephrosceles,0,1,1,0,0,1,1,0,1,0,0,1,0,1,0,1,1,1,0,1,1,1,0,1,0,1,0,0,1,1,0,1,0,1,0,resistant
rhinopithecus_roxellana,0,1,1,0,0,1,1,0,1,0,0,1,0,1,0,1,1,1,0,1,1,1,0,1,0,1,0,0,1,1,0,1,0,1,0,resistant
nomascus_leucogenys,0,1,1,0,0,1,1,0,0,1,1,0,0,1,0,1,1,1,0,1,0,1,0,1,0,1,0,1,0,1,0,1,0,1,0,resistant
pan_paniscus,0,1,1,0,0,1,1,0,0,1,1,0,0,1,1,0,0,1,0,1,1,1,0,1,0,1,0,1,0,1,0,1,0,1,0,resistant
pongo_abelii,0,1,1,0,0,1,1,0,0,1,1,0,0,1,1,0,1,1,0,1,1,1,0,1,0,1,0,1,0,0,0,1,0,1,0,infected
pan_troglodytes,0,1,1,0,0,1,1,0,0,1,1,0,0,1,1,0,1,1,0,1,1,0,1,1,0,1,0,1,0,1,0,1,0,1,0,infected
homo_sapiens,0,1,1,0,0,1,1,0,0,1,1,0,0,1,1,0,1,1,0,1,1,1,0,1,0,1,0,1,0,1,0,1,0,1,0,infected
callithrix_jacchus,1,0,0,1,1,0,1,0,1,0,1,0,1,0,0,1,1,1,0,0,1,0,1,0,1,1,0,1,0,0,1,1,0,0,1,resistant
saimiri_boliviensis,1,0,0,1,1,0,1,0,1,0,1,0,1,0,0,1,1,1,0,1,1,0,1,0,1,1,0,1,0,1,0,0,1,1,0,infected
aotus_nancymaae,1,0,0,1,1,0,1,0,1,0,1,0,1,0,0,1,1,1,0,1,1,0,1,0,1,0,1,1,0,1,0,1,0,1,0,infected
cebus_capucinus,1,0,0,1,1,0,1,0,1,0,1,0,1,0,0,1,1,1,0,1,1,1,0,0,1,1,0,1,0,0,1,1,0,0,1,resistant
