,duffy_r4.afa_pos3_1,duffy_r4.afa_pos3_7,duffy_r4.afa_pos10_3,duffy_r4.afa_pos10_5,duffy_r4.afa_pos17_0,duffy_r4.afa_pos17_4,Species
saimiri_boliviensis,0,1,0,1,0,1,infected
cebus_capucinus,1,0,0,1,0,1,resistant
aotus_nancymaae,0,1,0,1,0,1,infected
callithrix_jacchus,0,1,0,1,0,1,resistant
homo_sapiens,0,1,1,0,1,0,infected
mandrillus_leucophaeus,0,1,1,0,1,0,resistant
macaca_fascicularis,0,1,1,0,1,0,resistant
rhinopithecus_roxellana,0,1,1,0,1,0,resistant
rhinopithecus_bieti,0,1,1,0,1,0,resistant
piliocolobus_tephrosceles,0,1,1,0,1,0,resistant
cercocebus_atys,0,1,1,0,1,0,resistant
gorilla_gorilla,0,1,1,0,1,0,infected
theropithecus_gelada,0,1,1,0,1,0,resistant
macaca_mulatta,0,1,1,0,1,0,resistant
pan_paniscus,0,1,1,0,1,0,resistant
pongo_abelii,0,1,1,0,1,0,infected
colobus_angolensi,1,0,1,0,1,0,resistant
papio_anubis,1,0,1,0,1,0,resistant
macaca_nemestrina,1,0,1,0,1,0,resistant
pan_troglodytes,0,1,1,0,1,0,infected
