,duffy_r3.afa_0S,duffy_r3.afa_0-,duffy_r3.afa_4D,duffy_r3.afa_4G,duffy_r3.afa_9L,duffy_r3.afa_9P,duffy_r3.afa_10I,duffy_r3.afa_10V,duffy_r3.afa_11H,duffy_r3.afa_13M,duffy_r3.afa_13T,Species
gorilla_gorilla,1,0,0,1,0,1,1,0,1,0,1,infected
homo_sapiens,0,1,0,1,1,0,1,0,0,0,1,infected
pan_troglodytes,1,0,0,1,1,0,1,0,0,0,1,infected
pan_paniscus,1,0,0,1,1,0,1,0,0,0,1,resistant
pongo_abelii,1,0,0,1,1,0,1,0,0,0,1,infected
aotus_nancymaae,1,0,1,0,0,1,1,0,1,0,1,infected
saimiri_boliviensis,1,0,1,0,0,1,1,0,0,0,1,infected
callithrix_jacchus,1,0,1,0,0,1,1,0,0,0,1,resistant
cebus_capucinus,0,1,1,0,0,1,1,0,0,1,0,resistant
mandrillus_leucophaeus,1,0,0,1,0,1,0,1,0,1,0,resistant
macaca_fascicularis,1,0,0,1,0,1,0,1,0,1,0,resistant
cercocebus_atys,1,0,0,1,0,1,0,1,0,1,0,resistant
theropithecus_gelada,1,0,0,1,0,1,0,1,0,1,0,resistant
macaca_mulatta,1,0,0,1,0,1,0,1,0,1,0,resistant
papio_anubis,0,1,0,1,0,1,0,1,0,1,0,resistant
macaca_nemestrina,0,1,0,1,0,1,0,1,0,1,0,resistant
rhinopithecus_roxellana,1,0,0,1,0,1,1,0,0,1,0,resistant
rhinopithecus_bieti,1,0,0,1,0,1,1,0,0,1,0,resistant
piliocolobus_tephrosceles,1,0,0,1,0,1,1,0,0,1,0,resistant
colobus_angolensi,1,0,0,1,0,1,1,0,0,1,0,resistant
