,band3_outer1_7R,band3_outer1_7G,band3_outer1_10I,band3_outer1_10M,Species
pilicolobus_tephrosceles,0,1,1,0,resistant
rhinopithecus_roxellana,0,1,1,0,resistant
homo_sapiens,1,0,0,1,infected
cebus_capucinus,1,0,0,1,resistant
galeopterus_variegatus,1,0,0,1,resistant
gorilla_gorilla,1,0,0,1,infected
nomascus_leucogenys,1,0,0,1,resistant
pan_paniscus,1,0,0,1,resistant
pan_troglodytes,1,0,0,1,infected
plecturocebus_moloch,1,0,0,1,resistant
pongo_abelii,1,0,0,1,infected
pongo_pygmaeus,1,0,0,1,infected
saguinus_labiatus,1,0,0,1,resistant
saimiri_boliviensis,1,0,0,1,infected
cercocebus_atys,0,1,0,1,resistant
chlorocebus_sabaeus,0,1,0,1,resistant
macaca_mulatta,0,1,0,1,resistant
papio_anubis,0,1,0,1,resistant
mandrillus_leucophaeus,0,1,0,1,resistant
