,band3_outer4_pos0_6,band3_outer4_pos22_4,band3_outer4_pos22_6,band3_outer4_pos23_1,band3_outer4_pos23_2,band3_outer4_pos31_0,band3_outer4_pos31_3,band3_outer4_pos40_1,band3_outer4_pos40_6,band3_outer4_pos41_3,band3_outer4_pos42_1,band3_outer4_pos42_2,band3_outer4_pos42_6,Species
mandrillus_leucophaeus,0,1,0,0,0,0,0,0,1,0,0,1,0,resistant
galeopterus_variegatus,0,1,0,1,0,1,0,0,1,0,0,1,0,resistant
chlorocebus_sabaeus,1,0,1,1,0,1,0,0,1,1,1,0,0,resistant
papio_anubis,1,0,1,1,0,1,0,0,1,1,0,0,1,resistant
cercocebus_atys,1,0,1,1,0,1,0,0,1,1,0,0,1,resistant
macaca_mulatta,1,0,1,1,0,1,0,1,0,1,0,0,1,resistant
nomascus_leucogenys,1,0,1,1,0,0,1,1,0,1,0,0,1,resistant
pongo_abelii,1,0,1,1,0,0,1,1,0,1,0,0,1,infected
pongo_pygmaeus,1,0,1,1,0,0,1,1,0,1,0,0,1,infected
homo_sapiens,1,0,1,1,0,1,0,1,0,1,0,1,0,infected
pan_paniscus,1,0,1,1,0,1,0,1,0,1,0,1,0,resistant
pan_troglodytes,1,0,1,1,0,1,0,1,0,1,0,1,0,infected
gorilla_gorilla,1,0,1,1,0,1,0,0,1,1,0,1,0,infected
cebus_capucinus,1,1,0,0,1,1,0,0,1,1,0,0,1,resistant
plecturocebus_moloch,1,1,0,0,1,1,0,1,0,1,0,0,1,resistant
saguinus_labiatus,1,1,0,0,1,1,0,1,0,1,0,0,1,resistant
saimiri_boliviensis,1,1,0,0,1,1,0,1,0,1,0,0,1,infected
piliocolobus_tephrosceles,1,0,1,1,0,1,0,1,0,1,1,0,0,resistant
rhinopithecus_roxellana,1,0,1,1,0,1,0,1,0,1,0,0,1,resistant
