,gypc_outer1_pos0_7,gypc_outer1_pos1_7,gypc_outer1_pos2_7,gypc_outer1_pos3_7,gypc_outer1_pos4_7,gypc_outer1_pos5_7,gypc_outer1_pos6_7,gypc_outer1_pos7_7,gypc_outer1_pos8_7,gypc_outer1_pos9_7,gypc_outer1_pos10_7,gypc_outer1_pos11_7,gypc_outer1_pos12_7,gypc_outer1_pos13_7,gypc_outer1_pos14_7,gypc_outer1_pos15_7,gypc_outer1_pos16_7,gypc_outer1_pos17_7,gypc_outer1_pos18_7,gypc_outer1_pos19_7,gypc_outer1_pos20_7,gypc_outer1_pos21_7,gypc_outer1_pos22_7,gypc_outer1_pos23_7,gypc_outer1_pos24_7,gypc_outer1_pos25_7,gypc_outer1_pos26_7,gypc_outer1_pos27_7,gypc_outer1_pos28_7,gypc_outer1_pos29_7,gypc_outer1_pos30_5,gypc_outer1_pos30_7,gypc_outer1_pos31_1,gypc_outer1_pos31_7,gypc_outer1_pos32_3,gypc_outer1_pos32_7,gypc_outer1_pos33_3,gypc_outer1_pos33_7,gypc_outer1_pos34_3,gypc_outer1_pos34_7,gypc_outer1_pos35_5,gypc_outer1_pos35_7,gypc_outer1_pos36_2,gypc_outer1_pos36_7,gypc_outer1_pos37_0,gypc_outer1_pos37_7,gypc_outer1_pos38_3,gypc_outer1_pos38_7,gypc_outer1_pos39_0,gypc_outer1_pos39_7,gypc_outer1_pos40_1,gypc_outer1_pos40_6,gypc_outer1_pos40_7,gypc_outer1_pos41_5,gypc_outer1_pos41_7,gypc_outer1_pos42_4,gypc_outer1_pos42_7,gypc_outer1_pos43_0,gypc_outer1_pos43_3,gypc_outer1_pos43_7,gypc_outer1_pos44_4,gypc_outer1_pos44_7,gypc_outer1_pos45_7,gypc_outer1_pos46_7,gypc_outer1_pos47_7,gypc_outer1_pos48_7,gypc_outer1_pos49_7,gypc_outer1_pos50_7,gypc_outer1_pos51_7,gypc_outer1_pos52_7,gypc_outer1_pos53_7,gypc_outer1_pos54_7,gypc_outer1_pos55_7,gypc_outer1_pos56_7,gypc_outer1_pos57_7,gypc_outer1_pos58_7,gypc_outer1_pos59_7,gypc_outer1_pos60_7,gypc_outer1_pos61_7,gypc_outer1_pos62_7,gypc_outer1_pos63_7,gypc_outer1_pos64_7,gypc_outer1_pos65_7,gypc_outer1_pos66_7,gypc_outer1_pos67_7,gypc_outer1_pos68_7,gypc_outer1_pos69_7,gypc_outer1_pos70_7,gypc_outer1_pos71_0,gypc_outer1_pos71_7,gypc_outer1_pos72_5,gypc_outer1_pos72_7,gypc_outer1_pos73_2,gypc_outer1_pos73_7,gypc_outer1_pos74_5,gypc_outer1_pos74_7,gypc_outer1_pos75_0,gypc_outer1_pos75_7,gypc_outer1_pos76_4,gypc_outer1_pos76_7,gypc_outer1_pos77_0,gypc_outer1_pos77_3,gypc_outer1_pos78_3,gypc_outer1_pos79_0,gypc_outer1_pos80_3,gypc_outer1_pos81_3,gypc_outer1_pos82_3,gypc_outer1_pos83_4,gypc_outer1_pos84_2,gypc_outer1_pos84_6,gypc_outer1_pos85_3,gypc_outer1_pos85_4,gypc_outer1_pos86_3,gypc_outer1_pos86_7,gypc_outer1_pos87_3,gypc_outer1_pos87_7,gypc_outer1_pos88_3,gypc_outer1_pos88_4,gypc_outer1_pos88_7,gypc_outer1_pos89_2,gypc_outer1_pos89_7,gypc_outer1_pos90_0,gypc_outer1_pos90_7,gypc_outer1_pos91_2,gypc_outer1_pos91_7,gypc_outer1_pos92_4,gypc_outer1_pos92_7,gypc_outer1_pos93_3,gypc_outer1_pos93_7,gypc_outer1_pos94_3,gypc_outer1_pos94_7,gypc_outer1_pos95_6,gypc_outer1_pos95_7,gypc_outer1_pos96_3,gypc_outer1_pos96_7,gypc_outer1_pos97_5,gypc_outer1_pos97_7,gypc_outer1_pos98_3,gypc_outer1_pos98_7,gypc_outer1_pos99_3,gypc_outer1_pos99_7,gypc_outer1_pos100_4,gypc_outer1_pos100_7,gypc_outer1_pos101_6,gypc_outer1_pos101_7,gypc_outer1_pos102_3,gypc_outer1_pos102_7,gypc_outer1_pos103_3,gypc_outer1_pos103_7,gypc_outer1_pos104_4,gypc_outer1_pos104_7,gypc_outer1_pos105_3,gypc_outer1_pos105_7,gypc_outer1_pos106_0,gypc_outer1_pos106_7,gypc_outer1_pos107_0,gypc_outer1_pos107_2,gypc_outer1_pos108_5,gypc_outer1_pos109_2,gypc_outer1_pos109_6,gypc_outer1_pos110_5,gypc_outer1_pos111_0,gypc_outer1_pos112_4,gypc_outer1_pos112_7,gypc_outer1_pos113_7,gypc_outer1_pos114_7,gypc_outer1_pos115_7,gypc_outer1_pos116_7,gypc_outer1_pos117_7,gypc_outer1_pos118_7,gypc_outer1_pos119_7,gypc_outer1_pos120_4,gypc_outer1_pos120_7,gypc_outer1_pos121_7,gypc_outer1_pos122_0,gypc_outer1_pos122_3,gypc_outer1_pos123_3,gypc_outer1_pos123_6,gypc_outer1_pos124_0,gypc_outer1_pos124_3,gypc_outer1_pos125_3,gypc_outer1_pos125_4,gypc_outer1_pos125_5,gypc_outer1_pos126_3,gypc_outer1_pos127_3,gypc_outer1_pos127_4,gypc_outer1_pos128_3,gypc_outer1_pos128_4,gypc_outer1_pos129_2,gypc_outer1_pos130_4,gypc_outer1_pos131_7,Species
cebus_capucinus,1,1,1,1,1,1,1,1,1,1,1,1,1,1,1,1,1,1,1,1,1,1,1,1,1,1,1,1,1,1,0,1,0,1,0,1,0,1,0,1,0,1,0,1,0,1,0,1,0,1,0,0,1,0,1,0,1,0,0,1,0,1,1,1,1,1,1,1,1,1,1,1,1,1,1,1,1,1,1,1,1,1,1,1,1,1,1,1,0,1,0,1,0,1,0,1,0,0,1,0,0,1,0,0,0,0,1,0,0,1,1,0,0,0,0,0,0,0,0,0,0,1,0,0,0,0,0,0,0,0,0,0,0,1,0,0,0,0,0,0,0,0,0,0,0,0,0,0,0,0,0,0,0,1,0,0,0,0,1,0,0,1,0,1,1,1,1,1,1,1,1,0,1,1,0,0,1,0,0,1,0,0,0,0,0,0,0,0,0,1,1,resistant
rhinopithecus_roxellana,1,1,1,1,1,1,1,1,1,1,1,1,1,1,1,1,1,1,1,1,1,1,1,1,1,1,1,1,1,1,0,1,0,1,0,1,0,1,0,1,0,1,0,1,0,1,0,1,0,1,0,0,1,0,1,0,1,0,0,1,0,1,1,1,1,1,1,1,1,1,1,1,1,1,1,1,1,1,1,1,1,1,1,1,1,1,1,1,0,1,0,1,0,1,0,1,0,1,0,1,0,1,1,1,1,1,1,1,0,1,0,1,1,0,1,0,1,0,0,1,0,1,0,1,0,1,0,1,0,1,0,1,0,1,0,1,0,1,0,1,0,1,0,1,0,1,0,1,0,1,0,1,0,1,0,1,0,1,0,1,1,1,1,0,1,1,1,1,1,1,1,0,1,1,0,1,0,1,1,0,0,1,0,1,1,0,1,0,1,1,1,resistant
papio_anubis,1,1,1,1,1,1,1,1,1,1,1,1,1,1,1,1,1,1,1,1,1,1,1,1,1,1,1,1,1,1,1,0,1,0,1,0,1,0,1,0,1,0,1,0,1,0,1,0,1,0,1,0,0,1,0,1,0,0,1,0,1,0,0,0,0,0,0,0,0,0,0,0,0,0,0,0,0,0,0,0,0,0,0,0,0,0,0,0,1,0,1,0,1,0,1,0,1,0,1,0,0,1,1,1,1,1,1,1,1,0,0,1,1,0,1,0,0,1,0,1,0,1,0,1,0,1,0,1,0,1,0,1,0,1,0,1,0,1,0,1,0,1,0,1,0,1,0,1,0,1,0,1,0,1,0,1,0,1,0,1,1,1,1,0,1,1,1,1,1,1,1,0,1,1,0,1,0,1,1,0,0,1,0,1,1,0,1,0,1,0,1,resistant
macaca_mulatta,1,1,1,1,1,1,1,1,1,1,1,1,1,1,1,1,1,1,1,1,1,1,1,1,1,1,1,1,1,1,1,0,1,0,1,0,1,0,1,0,1,0,1,0,1,0,1,0,1,0,1,0,0,1,0,1,0,0,1,0,1,0,1,1,1,1,1,1,1,1,1,1,1,1,1,1,1,1,1,1,1,1,1,1,1,1,1,1,1,0,1,0,0,0,1,0,1,0,1,0,0,1,1,1,1,1,1,1,1,0,0,1,1,0,1,0,1,0,0,1,0,1,0,1,0,1,0,1,0,1,0,0,0,1,0,1,0,1,0,1,0,1,0,1,0,1,0,1,0,1,0,1,0,1,0,1,0,1,0,1,1,1,1,0,1,1,1,1,1,1,1,0,1,1,0,1,0,1,1,0,0,1,0,1,1,0,1,0,1,1,1,resistant
macaca_nemestrina,1,1,1,1,1,1,1,1,1,1,1,1,1,1,1,1,1,1,1,1,1,1,1,1,1,1,1,1,1,1,1,0,1,0,1,0,1,0,1,0,1,0,1,0,1,0,1,0,1,0,1,0,0,1,0,1,0,0,1,0,1,0,1,1,1,1,1,1,1,1,1,1,1,1,1,1,1,1,1,1,1,1,1,1,1,1,1,1,1,0,1,0,0,0,1,0,1,0,1,0,0,1,1,1,1,1,1,1,1,0,0,1,1,0,1,0,1,0,0,1,0,1,0,1,0,1,0,1,0,1,0,1,0,1,0,1,0,1,0,1,0,1,0,1,0,1,0,1,0,1,0,1,0,1,0,1,0,1,0,1,1,1,1,0,1,1,1,1,1,1,1,0,1,1,0,1,0,1,1,0,0,1,0,1,1,0,1,0,1,1,1,resistant
cercocebus_atys,1,1,1,1,1,1,1,1,1,1,1,1,1,1,1,1,1,1,1,1,1,1,1,1,1,1,1,1,1,1,1,0,1,0,1,0,1,0,1,0,1,0,1,0,1,0,1,0,1,0,1,0,0,1,0,1,0,1,0,0,1,0,1,1,1,1,1,1,1,1,1,1,1,1,1,1,1,1,1,1,1,1,1,1,1,1,1,1,1,0,1,0,0,0,1,0,1,0,1,0,0,1,1,0,1,1,1,1,1,0,0,1,1,0,1,0,0,1,0,1,0,1,0,1,0,1,0,1,0,1,0,1,0,1,0,1,0,1,0,1,0,1,0,1,0,1,0,1,0,1,0,1,0,1,0,1,0,1,0,1,1,1,1,0,1,1,1,1,1,1,1,0,1,1,0,1,0,1,1,0,0,1,0,1,1,0,0,1,1,1,1,resistant
chlorocebus_sabaeus,1,1,1,1,1,1,1,1,1,1,1,1,1,1,1,1,1,1,1,1,1,1,1,1,1,1,1,1,1,1,1,0,0,0,1,0,1,0,1,0,1,0,1,0,1,0,1,0,1,0,1,0,0,1,0,1,0,1,0,0,1,0,1,1,1,1,1,1,1,1,1,1,1,1,1,1,1,1,1,1,1,1,1,1,1,1,1,1,1,0,1,0,1,0,1,0,1,0,1,0,0,1,0,0,1,1,1,1,1,0,0,1,1,0,1,0,1,0,0,1,0,1,0,1,0,1,0,1,0,1,0,1,0,1,0,1,0,1,0,1,0,1,0,1,0,1,0,1,0,1,0,1,0,1,0,1,0,1,0,1,1,1,1,0,1,1,1,1,1,1,1,0,1,1,0,1,0,1,1,0,0,1,0,1,1,0,1,0,1,1,1,resistant
nomascus_leucogenys,1,1,1,1,1,1,1,1,1,1,1,1,1,1,1,1,1,1,1,1,1,1,1,1,1,1,1,1,1,1,0,1,0,1,0,1,0,1,0,1,0,1,0,1,0,1,0,1,0,1,0,0,1,0,1,0,1,0,0,1,0,1,1,1,1,1,1,1,1,1,1,1,1,1,1,1,1,1,1,1,1,1,1,1,1,1,1,1,0,1,0,1,0,1,0,1,0,1,0,1,1,0,1,1,1,1,1,1,1,0,0,1,0,0,0,0,0,1,0,0,1,0,1,0,1,0,1,0,1,0,1,0,1,0,1,0,1,0,1,0,1,0,1,0,1,0,1,0,1,0,1,0,1,1,0,0,0,0,0,0,0,0,0,1,1,1,1,1,1,1,1,1,0,0,0,1,0,0,0,0,0,0,1,1,0,1,0,1,1,1,0,resistant
pongo_abelii,1,1,1,1,1,1,1,1,1,1,1,1,1,1,1,1,1,1,1,1,1,1,1,1,1,1,1,1,1,1,0,1,0,1,0,1,0,1,0,1,0,1,0,1,0,1,0,1,0,1,0,0,1,0,1,0,1,0,0,1,0,1,1,1,1,1,1,1,1,1,1,1,1,1,1,1,1,1,1,1,1,1,1,1,1,1,1,1,0,1,0,1,0,1,0,1,0,1,0,1,0,1,1,0,1,1,1,1,1,0,0,1,0,1,0,1,0,0,1,0,1,0,1,0,1,0,1,0,1,0,1,0,1,0,1,0,1,0,1,0,1,0,1,0,1,0,1,0,1,0,1,0,1,1,0,0,0,1,1,0,1,1,1,0,1,1,1,1,1,1,1,0,1,1,0,1,1,0,0,1,1,0,0,1,1,0,0,1,1,0,1,infected
gorilla_gorilla,0,0,0,0,0,0,0,0,0,0,0,0,0,0,0,0,0,0,0,0,0,0,0,0,0,0,0,0,0,0,0,0,0,0,1,0,0,0,1,0,1,0,1,0,0,0,1,0,1,0,0,1,0,1,0,1,0,0,1,0,1,0,1,1,1,1,1,1,1,1,1,1,1,1,1,1,1,1,1,1,1,1,1,1,1,1,1,1,0,0,1,0,1,0,1,0,1,0,1,0,1,0,1,1,1,1,1,1,0,1,1,0,0,0,1,0,0,0,1,0,1,0,1,0,1,0,1,0,1,0,1,0,1,0,1,0,1,0,1,0,1,0,1,0,1,0,1,0,1,0,1,0,1,0,1,0,0,0,0,0,0,0,0,1,1,1,1,1,1,1,1,0,1,1,0,0,0,0,0,0,0,0,0,0,0,0,0,0,0,0,1,infected
homo_sapiens,1,1,1,1,1,1,1,1,1,1,1,1,1,1,1,1,1,1,1,1,1,1,1,1,1,1,1,1,1,1,0,0,0,0,1,0,0,0,1,0,1,0,1,0,0,0,1,0,1,0,0,1,0,1,0,1,0,0,1,0,1,0,1,1,1,1,1,1,1,1,1,1,1,1,1,1,1,1,1,1,1,1,1,1,1,1,1,1,0,0,1,0,1,0,1,0,1,0,1,0,1,0,1,1,1,1,1,1,0,1,1,0,1,0,1,0,0,1,0,0,1,0,1,0,1,0,1,0,1,0,1,0,1,0,1,0,1,0,1,0,1,0,1,0,1,0,1,0,1,0,1,0,1,1,0,0,1,1,1,0,1,1,1,0,0,0,0,0,0,0,0,1,0,0,0,1,1,0,0,1,0,0,1,1,0,1,0,1,1,1,1,infected
aotus_nancymaae,1,1,1,1,1,1,1,1,1,1,1,1,1,1,1,1,1,1,1,1,1,1,1,1,1,1,1,1,1,1,0,1,0,0,0,0,0,0,0,0,0,0,1,0,0,0,1,0,0,0,0,0,0,1,0,0,0,0,1,0,0,0,0,0,0,1,1,1,1,1,1,1,1,1,1,1,1,1,1,1,1,1,1,1,1,1,1,1,0,0,0,0,0,0,0,0,0,0,1,0,0,1,0,0,0,0,1,1,0,1,1,0,0,0,0,0,0,1,0,0,0,0,1,0,1,0,1,0,1,0,1,0,1,0,1,0,1,0,1,0,1,0,1,0,1,0,1,0,1,0,1,0,0,1,0,0,1,1,1,0,1,1,1,0,1,1,1,1,1,1,1,0,1,1,1,0,1,0,1,0,1,0,0,1,1,0,1,0,1,1,1,infected
callithrix_jacchus,1,1,1,1,1,1,1,1,1,1,1,1,1,1,1,1,1,1,1,1,1,1,1,1,1,1,1,1,1,1,0,1,0,1,0,1,1,0,1,0,1,0,1,0,0,0,1,0,1,0,0,0,0,1,0,1,0,0,0,0,1,0,1,1,1,1,1,1,1,1,1,1,1,1,1,1,1,1,1,1,1,1,1,1,1,1,1,1,0,1,0,1,0,1,0,1,0,1,0,1,0,0,0,0,0,0,0,0,0,0,0,0,0,1,0,1,0,0,1,0,1,0,1,0,1,0,1,0,1,0,1,0,1,0,1,0,1,0,1,0,1,0,1,0,1,0,1,0,1,0,1,0,1,0,1,0,1,1,1,0,1,1,1,0,1,1,1,1,1,1,1,0,1,1,1,0,1,0,0,1,1,0,0,1,0,0,1,0,1,1,1,resistant
pan_troglodytes,1,1,1,1,1,1,1,1,1,1,1,1,1,1,1,1,1,1,1,1,1,1,1,1,1,1,1,1,1,1,0,1,0,1,0,1,0,1,0,1,0,1,0,1,0,1,0,1,0,0,0,1,0,1,0,1,0,1,0,0,1,0,1,1,1,1,1,1,1,1,1,1,1,1,1,1,1,1,1,1,1,1,1,1,1,1,1,1,0,0,1,0,1,0,1,0,1,0,1,0,1,0,1,1,1,1,1,1,0,1,1,0,1,0,1,0,0,1,0,0,1,0,1,0,1,0,1,0,1,0,1,0,1,0,1,0,1,0,1,0,1,0,1,0,1,0,1,0,1,0,1,0,1,1,0,0,1,1,1,0,1,1,1,0,0,0,0,0,0,0,0,1,0,0,1,0,1,0,0,1,0,0,1,1,0,1,0,1,1,1,1,infected
pan_paniscus,1,1,1,1,1,1,1,1,1,1,1,1,1,1,1,1,1,1,1,1,1,1,1,1,1,1,1,1,1,1,0,1,0,1,0,1,0,1,0,1,0,1,0,1,0,1,0,1,0,0,0,1,0,1,0,1,0,1,0,0,1,0,1,1,1,1,1,1,1,1,1,1,1,1,1,1,1,1,1,1,1,1,1,1,1,1,1,1,0,1,0,1,0,1,0,1,0,1,0,1,0,0,0,0,0,0,0,0,0,0,0,0,0,1,0,1,0,0,1,0,1,0,1,0,1,0,1,0,1,0,1,0,1,0,1,0,1,0,1,0,1,0,1,0,1,0,1,0,1,0,1,0,1,0,1,0,1,1,1,0,1,1,1,0,0,0,0,0,0,0,0,1,0,0,1,0,1,0,0,1,0,0,1,1,0,1,0,1,1,1,1,resistant
saimiri_boliviensis,1,1,1,1,1,1,1,1,1,1,1,1,1,1,1,1,1,1,1,1,1,1,1,1,1,1,1,1,1,1,0,1,0,1,0,1,0,1,0,1,0,1,0,1,0,1,0,1,0,1,0,0,1,0,1,0,1,0,0,1,0,1,1,1,1,1,1,1,1,1,1,1,1,1,1,1,1,1,1,1,1,1,1,1,1,1,1,1,0,1,0,1,0,1,0,1,0,1,0,1,0,0,0,0,0,0,0,0,0,0,0,0,0,1,0,1,0,0,1,0,1,0,1,0,1,0,1,0,1,0,1,0,1,0,1,0,1,0,1,0,1,0,1,0,1,0,1,0,1,0,1,0,1,0,1,0,0,0,0,0,0,0,0,1,1,1,1,1,1,1,1,0,1,1,1,0,1,0,1,0,1,0,0,1,0,0,1,0,1,1,1,infected
