,gypc_outer1_30P,gypc_outer1_30W,gypc_outer1_30-,gypc_outer1_31R,gypc_outer1_31S,gypc_outer1_31-,gypc_outer1_32T,gypc_outer1_32-,gypc_outer1_33R,gypc_outer1_33S,gypc_outer1_33-,gypc_outer1_34S,gypc_outer1_34-,gypc_outer1_35P,gypc_outer1_35-,gypc_outer1_36N,gypc_outer1_36-,gypc_outer1_37G,gypc_outer1_37S,gypc_outer1_37-,gypc_outer1_38T,gypc_outer1_38-,gypc_outer1_39A,gypc_outer1_39S,gypc_outer1_39-,gypc_outer1_40R,gypc_outer1_40W,gypc_outer1_40-,gypc_outer1_41P,gypc_outer1_41-,gypc_outer1_42L,gypc_outer1_42-,gypc_outer1_43G,gypc_outer1_43S,gypc_outer1_43-,gypc_outer1_44L,gypc_outer1_44-,gypc_outer1_45-,gypc_outer1_46-,gypc_outer1_47-,gypc_outer1_71E,gypc_outer1_71G,gypc_outer1_71-,gypc_outer1_72P,gypc_outer1_72-,gypc_outer1_73D,gypc_outer1_73Y,gypc_outer1_73-,gypc_outer1_74P,gypc_outer1_74-,gypc_outer1_75G,gypc_outer1_75-,gypc_outer1_76M,gypc_outer1_76V,gypc_outer1_76-,gypc_outer1_77A,gypc_outer1_77S,gypc_outer1_77T,gypc_outer1_77-,gypc_outer1_78S,gypc_outer1_78-,gypc_outer1_79A,gypc_outer1_79H,gypc_outer1_79-,gypc_outer1_80S,gypc_outer1_80-,gypc_outer1_81T,gypc_outer1_81-,gypc_outer1_82T,gypc_outer1_82-,gypc_outer1_83L,gypc_outer1_83M,gypc_outer1_83-,gypc_outer1_84D,gypc_outer1_84H,gypc_outer1_84-,gypc_outer1_85I,gypc_outer1_85T,gypc_outer1_85-,gypc_outer1_86A,gypc_outer1_86T,gypc_outer1_86-,gypc_outer1_87T,gypc_outer1_87-,gypc_outer1_88I,gypc_outer1_88T,gypc_outer1_88-,gypc_outer1_89D,gypc_outer1_89E,gypc_outer1_89-,gypc_outer1_90G,gypc_outer1_90-,gypc_outer1_91E,gypc_outer1_91-,gypc_outer1_92L,gypc_outer1_92V,gypc_outer1_92-,gypc_outer1_93S,gypc_outer1_93-,gypc_outer1_94S,gypc_outer1_94-,gypc_outer1_95H,gypc_outer1_95-,gypc_outer1_96S,gypc_outer1_96-,gypc_outer1_97P,gypc_outer1_97-,gypc_outer1_98T,gypc_outer1_98-,gypc_outer1_99T,gypc_outer1_99-,gypc_outer1_100M,gypc_outer1_100-,gypc_outer1_101Y,gypc_outer1_101-,gypc_outer1_102T,gypc_outer1_102-,gypc_outer1_103S,gypc_outer1_103-,gypc_outer1_104I,gypc_outer1_104-,gypc_outer1_105T,gypc_outer1_105-,gypc_outer1_106A,gypc_outer1_106-,gypc_outer1_107E,gypc_outer1_107G,gypc_outer1_107-,gypc_outer1_108P,gypc_outer1_108-,gypc_outer1_109D,gypc_outer1_109Y,gypc_outer1_109-,gypc_outer1_110P,gypc_outer1_110-,gypc_outer1_111G,gypc_outer1_111-,gypc_outer1_112M,gypc_outer1_112V,gypc_outer1_112-,gypc_outer1_113A,gypc_outer1_113-,gypc_outer1_114G,gypc_outer1_114-,gypc_outer1_115G,gypc_outer1_115-,gypc_outer1_116V,gypc_outer1_116-,gypc_outer1_117D,gypc_outer1_117-,gypc_outer1_118G,gypc_outer1_118-,gypc_outer1_119-,gypc_outer1_120M,gypc_outer1_120-,gypc_outer1_121E,gypc_outer1_121-,gypc_outer1_122A,gypc_outer1_122T,gypc_outer1_123H,gypc_outer1_123S,gypc_outer1_124A,gypc_outer1_124S,gypc_outer1_124T,gypc_outer1_125L,gypc_outer1_125P,gypc_outer1_125S,gypc_outer1_126T,gypc_outer1_127A,gypc_outer1_127I,gypc_outer1_127T,gypc_outer1_128M,gypc_outer1_128T,gypc_outer1_129D,gypc_outer1_130I,gypc_outer1_130-,Species
cebus_capucinus,0,0,1,0,0,1,0,1,0,0,1,0,1,0,1,0,1,0,0,1,0,1,0,0,1,0,0,1,0,1,0,1,0,0,1,0,1,1,1,1,0,0,1,0,1,0,0,1,0,1,0,0,1,0,0,0,0,0,0,0,0,0,1,0,0,0,0,0,1,0,0,0,0,0,1,0,0,1,0,0,0,0,0,0,0,0,0,0,0,0,1,0,0,0,0,0,0,0,0,0,0,0,0,1,0,0,0,0,0,0,0,0,0,0,0,0,0,0,0,0,0,0,0,1,0,0,0,0,0,0,1,0,0,0,0,1,0,0,0,1,0,1,0,1,0,1,0,1,0,1,0,1,1,0,1,0,1,0,0,0,1,0,1,0,0,0,0,0,0,0,0,0,0,0,1,0,resistant
rhinopithecus_roxellana,0,0,1,0,0,1,0,1,0,0,1,0,1,0,1,0,1,0,0,1,0,1,0,0,1,0,0,1,0,1,0,1,0,0,1,0,1,1,1,1,0,0,1,0,1,0,0,1,0,1,0,1,0,0,1,0,0,1,0,1,0,1,0,0,1,0,1,0,1,0,0,1,0,0,1,0,1,0,0,0,1,0,1,0,0,1,0,0,1,0,1,0,1,0,1,0,0,1,0,1,0,1,0,1,0,1,0,1,0,1,0,1,0,1,0,1,0,1,0,1,0,1,0,1,0,0,1,0,1,0,0,1,0,1,0,1,0,0,1,0,0,1,0,1,0,1,0,1,0,1,0,1,1,0,1,0,1,0,1,0,0,1,0,0,1,0,0,1,0,0,1,0,1,1,1,0,resistant
papio_anubis,1,0,0,1,0,0,1,0,0,1,0,1,0,1,0,1,0,1,0,0,1,0,1,0,0,1,0,0,1,0,1,0,0,1,0,1,0,0,0,0,0,1,0,1,0,1,0,0,1,0,1,0,0,1,0,0,0,1,0,1,0,1,0,0,1,0,1,0,1,0,0,1,0,1,0,0,1,0,0,0,1,0,1,0,1,0,0,1,0,0,1,0,1,0,1,0,0,1,0,1,0,1,0,1,0,1,0,1,0,1,0,1,0,1,0,1,0,1,0,1,0,1,0,1,0,0,1,0,1,0,0,1,0,1,0,1,0,0,1,0,0,1,0,1,0,1,0,1,0,1,0,1,1,0,1,0,1,0,1,1,0,1,0,0,1,0,0,1,0,0,1,0,1,1,0,1,resistant
macaca_mulatta,1,0,0,1,0,0,1,0,0,1,0,1,0,1,0,1,0,1,0,0,1,0,1,0,0,1,0,0,1,0,1,0,0,1,0,1,0,1,1,1,0,1,0,1,0,0,1,0,1,0,1,0,0,1,0,0,0,1,0,1,0,1,0,0,1,0,1,0,1,0,0,1,0,1,0,0,1,0,0,0,1,0,1,0,0,1,0,0,1,0,1,0,1,0,0,1,0,1,0,1,0,0,0,1,0,1,0,1,0,1,0,1,0,1,0,1,0,1,0,1,0,1,0,1,0,0,1,0,1,0,0,1,0,1,0,1,0,0,1,0,0,1,0,1,0,1,0,1,0,1,0,1,1,0,1,0,1,0,1,1,0,1,0,0,1,0,0,1,0,0,1,0,1,1,1,0,resistant
macaca_nemestrina,1,0,0,1,0,0,1,0,0,1,0,1,0,1,0,1,0,1,0,0,1,0,1,0,0,1,0,0,1,0,1,0,0,1,0,1,0,1,1,1,0,1,0,1,0,0,1,0,1,0,1,0,0,1,0,0,0,1,0,1,0,1,0,0,1,0,1,0,1,0,0,1,0,1,0,0,1,0,0,0,1,0,1,0,0,1,0,0,1,0,0,0,1,0,0,1,0,1,0,1,0,1,0,1,0,1,0,1,0,1,0,1,0,1,0,1,0,1,0,1,0,1,0,1,0,0,1,0,1,0,0,1,0,1,0,1,0,0,1,0,0,1,0,1,0,1,0,1,0,1,0,1,1,0,1,0,1,0,1,1,0,1,0,0,1,0,0,1,0,0,1,0,1,1,1,0,resistant
cercocebus_atys,1,0,0,1,0,0,1,0,0,1,0,1,0,1,0,1,0,1,0,0,1,0,1,0,0,1,0,0,1,0,1,0,1,0,0,1,0,1,1,1,0,1,0,1,0,0,1,0,1,0,1,0,1,0,0,0,1,0,0,1,0,0,1,0,1,0,1,0,1,0,0,1,0,1,0,0,1,0,0,0,1,0,1,0,1,0,0,1,0,0,1,0,1,0,1,0,0,1,0,1,0,1,0,1,0,1,0,1,0,1,0,1,0,1,0,1,0,1,0,1,0,1,0,1,0,0,1,0,1,0,0,1,0,1,0,1,0,0,1,0,0,1,0,1,0,1,0,1,0,1,0,1,1,0,1,0,1,0,1,1,0,1,0,0,1,0,0,1,0,0,1,1,0,1,1,0,resistant
chlorocebus_sabaeus,1,0,0,0,0,0,1,0,0,1,0,1,0,1,0,1,0,1,0,0,1,0,1,0,0,1,0,0,1,0,1,0,1,0,0,1,0,1,1,1,0,1,0,1,0,1,0,0,1,0,1,0,1,0,0,0,1,0,0,0,0,0,0,0,1,0,1,0,1,0,0,1,0,1,0,0,1,0,0,0,1,0,1,0,0,1,0,1,0,0,1,0,1,0,1,0,0,1,0,1,0,1,0,1,0,1,0,1,0,1,0,1,0,1,0,1,0,1,0,1,0,1,0,1,0,0,1,0,1,0,0,1,0,1,0,1,0,0,1,0,0,1,0,1,0,1,0,1,0,1,0,1,1,0,1,0,1,0,1,1,0,1,0,0,1,0,0,1,0,0,1,0,1,1,1,0,resistant
nomascus_leucogenys,0,0,1,0,0,1,0,1,0,0,1,0,1,0,1,0,1,0,0,1,0,1,0,0,1,0,0,1,0,1,0,1,0,0,1,0,1,1,1,1,0,0,1,0,1,0,0,1,0,1,0,1,0,0,1,1,0,0,0,1,0,1,0,0,1,0,1,0,1,0,1,0,0,1,0,0,1,0,0,1,0,0,0,0,1,0,0,0,0,1,0,1,0,1,0,0,1,0,1,0,1,0,1,0,1,0,1,0,1,0,1,0,1,0,1,0,1,0,1,0,1,0,1,1,0,0,0,0,0,0,0,0,1,0,1,0,1,0,0,1,0,1,0,1,0,1,0,1,0,1,0,1,1,0,0,0,0,0,0,0,0,0,0,0,0,1,0,1,0,1,0,1,0,0,1,0,resistant
pongo_abelii,0,0,1,0,0,1,0,1,0,0,1,0,1,0,1,0,1,0,0,1,0,1,0,0,1,0,0,1,0,1,0,1,0,0,1,0,1,1,1,1,0,0,1,0,1,0,0,1,0,1,0,1,0,0,1,0,0,1,0,1,0,0,0,0,1,0,1,0,1,0,0,1,0,1,0,0,1,0,0,0,0,1,0,1,0,0,1,0,0,1,0,1,0,1,0,0,1,0,1,0,1,0,1,0,1,0,1,0,1,0,1,0,1,0,1,0,1,0,1,0,1,0,1,1,0,0,0,0,1,0,1,0,0,1,0,1,0,0,0,0,0,1,0,1,0,1,0,1,0,1,0,1,1,0,1,0,1,0,1,0,1,0,1,0,0,0,1,1,0,0,1,1,0,1,0,1,infected
gorilla_gorilla,0,1,0,0,1,0,1,0,1,0,0,1,0,1,0,1,0,0,1,0,1,0,1,0,0,0,1,0,1,0,1,0,0,1,0,1,0,1,1,1,1,0,0,1,0,1,0,0,1,0,1,0,1,0,0,1,0,0,0,1,0,1,0,0,1,0,1,0,1,0,0,1,0,0,1,0,0,1,0,1,0,0,1,0,0,0,1,0,0,1,0,1,0,1,0,0,1,0,1,0,1,0,1,0,1,0,1,0,1,0,1,0,1,0,1,0,1,0,1,0,1,0,1,0,1,0,0,1,0,1,0,0,1,0,1,0,1,0,0,1,0,1,0,1,0,1,0,1,0,1,0,1,1,0,1,0,1,0,0,0,0,0,0,0,0,0,0,0,0,0,0,0,0,0,0,1,infected
homo_sapiens,0,1,0,0,1,0,1,0,1,0,0,1,0,1,0,1,0,0,1,0,1,0,1,0,0,0,1,0,1,0,1,0,0,1,0,1,0,1,1,1,1,0,0,1,0,1,0,0,1,0,1,0,1,0,0,1,0,0,0,1,0,1,0,0,1,0,1,0,1,0,0,1,0,0,1,0,0,1,0,0,1,0,1,0,1,0,0,0,0,1,0,1,0,1,0,0,1,0,1,0,1,0,1,0,1,0,1,0,1,0,1,0,1,0,1,0,1,0,1,0,1,0,1,1,0,1,0,0,1,0,1,0,0,1,0,1,0,1,0,0,0,0,1,0,0,0,0,0,1,0,1,0,0,1,0,1,0,0,1,0,1,0,0,1,0,1,0,1,0,1,0,1,0,1,1,0,infected
aotus_nancymaae,0,0,1,0,0,0,0,0,0,0,0,0,0,0,0,0,0,0,0,0,0,0,0,0,0,0,0,0,1,0,0,0,0,1,0,0,0,0,0,0,0,0,0,0,0,0,0,0,0,0,0,0,0,0,0,0,1,0,0,0,0,0,0,0,0,0,0,0,1,0,1,0,0,0,1,0,0,0,0,0,0,0,0,0,0,0,0,0,0,0,0,1,0,1,0,0,1,0,1,0,1,0,1,0,1,0,1,0,1,0,1,0,1,0,1,0,1,0,1,0,1,0,0,1,0,1,0,0,1,0,1,0,0,1,0,1,0,1,0,0,0,1,0,1,0,1,0,1,0,1,0,1,1,0,1,0,1,1,0,0,1,1,0,0,0,0,1,1,0,0,1,0,1,1,1,0,infected
callithrix_jacchus,0,0,1,0,0,1,0,1,0,1,0,1,0,1,0,1,0,0,0,0,1,0,1,0,0,0,0,0,1,0,1,0,0,0,0,1,0,1,1,1,0,0,1,0,1,0,0,1,0,1,0,1,0,0,1,0,0,0,1,0,1,0,0,1,0,1,0,1,0,1,0,0,1,0,0,1,0,0,1,0,0,1,0,1,0,0,1,0,0,1,0,1,0,1,0,0,1,0,1,0,1,0,1,0,1,0,1,0,1,0,1,0,1,0,1,0,1,0,1,0,1,0,1,0,1,1,0,0,1,0,1,0,0,1,0,1,0,1,0,0,0,1,0,1,0,1,0,1,0,1,0,1,1,0,1,0,1,1,0,0,1,0,0,1,0,0,1,1,1,0,0,0,1,1,1,0,resistant
pan_troglodytes,0,0,1,0,0,1,0,1,0,0,1,0,1,0,1,0,1,0,0,1,0,1,0,1,0,0,1,0,1,0,1,0,1,0,0,1,0,1,1,1,1,0,0,1,0,1,0,0,1,0,1,0,1,0,0,1,0,0,0,1,0,1,0,0,1,0,1,0,1,0,0,1,0,0,1,0,0,1,0,0,1,0,1,0,1,0,0,0,0,1,0,1,0,1,0,0,1,0,1,0,1,0,1,0,1,0,1,0,1,0,1,0,1,0,1,0,1,0,1,0,1,0,1,1,0,1,0,0,1,0,1,0,0,1,0,1,0,1,0,0,1,0,1,0,1,0,1,0,1,0,1,0,0,1,0,1,0,1,0,0,1,0,0,1,0,1,0,1,0,1,0,0,0,1,1,0,infected
pan_paniscus,0,0,1,0,0,1,0,1,0,0,1,0,1,0,1,0,1,0,0,1,0,1,0,1,0,0,1,0,1,0,1,0,1,0,0,1,0,1,1,1,0,0,1,0,1,0,0,1,0,1,0,1,0,0,1,0,0,0,1,0,1,0,0,1,0,1,0,1,0,1,0,0,1,0,0,1,0,0,1,0,0,1,0,1,0,0,1,0,0,1,0,1,0,1,0,0,1,0,1,0,1,0,1,0,1,0,1,0,1,0,1,0,1,0,1,0,1,0,1,0,1,0,1,0,1,1,0,0,1,0,1,0,0,1,0,1,0,1,0,0,1,0,1,0,1,0,1,0,1,0,1,0,0,1,0,1,0,1,0,0,1,0,0,1,0,1,0,1,0,1,0,1,0,1,1,0,resistant
saimiri_boliviensis,0,0,1,0,0,1,0,1,0,0,1,0,1,0,1,0,1,0,0,1,0,1,0,0,1,0,0,1,0,1,0,1,0,0,1,0,1,1,1,1,0,0,1,0,1,0,0,1,0,1,0,1,0,0,1,0,0,0,1,0,1,0,0,1,0,1,0,1,0,1,0,0,1,0,0,1,0,0,1,0,0,1,0,1,0,0,1,0,0,1,0,1,0,1,0,0,1,0,1,0,1,0,1,0,1,0,1,0,1,0,1,0,1,0,1,0,1,0,1,0,1,0,1,0,1,0,0,1,0,1,0,0,1,0,1,0,1,0,0,1,0,1,0,1,0,1,0,1,0,1,0,1,1,0,1,0,1,1,0,0,1,1,0,0,0,0,1,1,1,0,0,0,1,1,1,0,infected
