,basigin_outer1_pos2_3,basigin_outer1_pos2_7,basigin_outer1_pos3_6,basigin_outer1_pos3_7,basigin_outer1_pos4_7,basigin_outer1_pos5_7,basigin_outer1_pos6_7,basigin_outer1_pos7_7,basigin_outer1_pos8_0,basigin_outer1_pos8_7,basigin_outer1_pos9_0,basigin_outer1_pos9_7,basigin_outer1_pos10_0,basigin_outer1_pos10_7,basigin_outer1_pos11_6,basigin_outer1_pos11_7,basigin_outer1_pos12_4,basigin_outer1_pos12_7,basigin_outer1_pos13_2,basigin_outer1_pos13_7,basigin_outer1_pos14_0,basigin_outer1_pos14_7,basigin_outer1_pos15_5,basigin_outer1_pos15_7,basigin_outer1_pos16_4,basigin_outer1_pos16_7,basigin_outer1_pos17_3,basigin_outer1_pos17_7,basigin_outer1_pos18_2,basigin_outer1_pos18_7,basigin_outer1_pos19_2,basigin_outer1_pos19_7,basigin_outer1_pos20_1,basigin_outer1_pos20_7,basigin_outer1_pos21_6,basigin_outer1_pos21_7,basigin_outer1_pos22_4,basigin_outer1_pos22_7,basigin_outer1_pos23_0,basigin_outer1_pos23_7,basigin_outer1_pos24_0,basigin_outer1_pos24_7,basigin_outer1_pos25_3,basigin_outer1_pos25_7,basigin_outer1_pos26_4,basigin_outer1_pos26_7,basigin_outer1_pos27_2,basigin_outer1_pos27_7,basigin_outer1_pos28_4,basigin_outer1_pos28_7,basigin_outer1_pos29_6,basigin_outer1_pos29_7,basigin_outer1_pos30_3,basigin_outer1_pos30_7,basigin_outer1_pos31_2,basigin_outer1_pos31_7,basigin_outer1_pos32_0,basigin_outer1_pos32_7,basigin_outer1_pos33_4,basigin_outer1_pos33_7,basigin_outer1_pos34_0,basigin_outer1_pos34_7,basigin_outer1_pos35_3,basigin_outer1_pos35_7,basigin_outer1_pos36_5,basigin_outer1_pos36_7,basigin_outer1_pos37_4,basigin_outer1_pos37_7,basigin_outer1_pos38_5,basigin_outer1_pos38_7,basigin_outer1_pos39_2,basigin_outer1_pos39_7,basigin_outer1_pos40_4,basigin_outer1_pos40_7,basigin_outer1_pos41_2,basigin_outer1_pos41_7,basigin_outer1_pos42_6,basigin_outer1_pos42_7,basigin_outer1_pos43_6,basigin_outer1_pos43_7,basigin_outer1_pos44_6,basigin_outer1_pos44_7,basigin_outer1_pos45_2,basigin_outer1_pos45_7,basigin_outer1_pos46_0,basigin_outer1_pos46_7,basigin_outer1_pos47_6,basigin_outer1_pos47_7,basigin_outer1_pos48_0,basigin_outer1_pos48_7,basigin_outer1_pos49_5,basigin_outer1_pos49_7,basigin_outer1_pos50_2,basigin_outer1_pos50_7,basigin_outer1_pos51_2,basigin_outer1_pos51_7,basigin_outer1_pos52_3,basigin_outer1_pos52_7,basigin_outer1_pos53_3,basigin_outer1_pos53_7,basigin_outer1_pos54_3,basigin_outer1_pos54_7,basigin_outer1_pos55_2,basigin_outer1_pos55_7,basigin_outer1_pos56_4,basigin_outer1_pos56_7,basigin_outer1_pos57_6,basigin_outer1_pos57_7,basigin_outer1_pos58_2,basigin_outer1_pos58_7,basigin_outer1_pos59_0,basigin_outer1_pos59_7,basigin_outer1_pos60_0,basigin_outer1_pos60_7,basigin_outer1_pos61_1,basigin_outer1_pos61_7,basigin_outer1_pos62_4,basigin_outer1_pos62_7,basigin_outer1_pos63_2,basigin_outer1_pos63_7,basigin_outer1_pos64_1,basigin_outer1_pos64_7,basigin_outer1_pos65_4,basigin_outer1_pos65_7,basigin_outer1_pos66_6,basigin_outer1_pos66_7,basigin_outer1_pos67_4,basigin_outer1_pos67_7,basigin_outer1_pos68_6,basigin_outer1_pos68_7,basigin_outer1_pos69_0,basigin_outer1_pos69_7,basigin_outer1_pos70_3,basigin_outer1_pos70_7,basigin_outer1_pos71_6,basigin_outer1_pos71_7,basigin_outer1_pos72_6,basigin_outer1_pos72_7,basigin_outer1_pos73_2,basigin_outer1_pos73_7,basigin_outer1_pos74_6,basigin_outer1_pos74_7,basigin_outer1_pos75_0,basigin_outer1_pos75_7,basigin_outer1_pos76_0,basigin_outer1_pos76_7,basigin_outer1_pos77_3,basigin_outer1_pos77_7,basigin_outer1_pos78_3,basigin_outer1_pos78_7,basigin_outer1_pos79_4,basigin_outer1_pos79_7,basigin_outer1_pos80_3,basigin_outer1_pos80_7,basigin_outer1_pos81_4,basigin_outer1_pos81_7,basigin_outer1_pos82_2,basigin_outer1_pos82_7,basigin_outer1_pos83_3,basigin_outer1_pos83_7,basigin_outer1_pos84_4,basigin_outer1_pos84_7,basigin_outer1_pos85_0,basigin_outer1_pos85_7,basigin_outer1_pos86_2,basigin_outer1_pos86_7,basigin_outer1_pos87_2,basigin_outer1_pos87_6,basigin_outer1_pos87_7,basigin_outer1_pos88_2,basigin_outer1_pos88_7,basigin_outer1_pos89_3,basigin_outer1_pos89_7,basigin_outer1_pos90_0,basigin_outer1_pos90_7,basigin_outer1_pos91_3,basigin_outer1_pos91_7,basigin_outer1_pos92_6,basigin_outer1_pos92_7,basigin_outer1_pos93_2,basigin_outer1_pos93_3,basigin_outer1_pos93_7,basigin_outer1_pos94_3,basigin_outer1_pos94_7,basigin_outer1_pos95_1,basigin_outer1_pos95_7,basigin_outer1_pos96_0,basigin_outer1_pos96_7,basigin_outer1_pos97_3,basigin_outer1_pos97_7,basigin_outer1_pos98_2,basigin_outer1_pos98_7,basigin_outer1_pos99_2,basigin_outer1_pos99_7,basigin_outer1_pos100_5,basigin_outer1_pos100_7,basigin_outer1_pos101_2,basigin_outer1_pos101_7,basigin_outer1_pos102_1,basigin_outer1_pos102_7,basigin_outer1_pos103_0,basigin_outer1_pos103_2,basigin_outer1_pos103_7,basigin_outer1_pos104_6,basigin_outer1_pos104_7,basigin_outer1_pos105_4,basigin_outer1_pos105_7,basigin_outer1_pos106_3,basigin_outer1_pos106_7,basigin_outer1_pos107_0,basigin_outer1_pos107_1,basigin_outer1_pos107_7,basigin_outer1_pos108_0,basigin_outer1_pos108_7,basigin_outer1_pos109_5,basigin_outer1_pos109_7,basigin_outer1_pos110_0,basigin_outer1_pos110_1,basigin_outer1_pos110_7,basigin_outer1_pos111_4,basigin_outer1_pos111_7,basigin_outer1_pos112_1,basigin_outer1_pos112_4,basigin_outer1_pos112_7,basigin_outer1_pos113_4,basigin_outer1_pos113_6,basigin_outer1_pos113_7,basigin_outer1_pos114_4,basigin_outer1_pos114_6,basigin_outer1_pos114_7,basigin_outer1_pos115_1,basigin_outer1_pos115_3,basigin_outer1_pos115_7,basigin_outer1_pos116_0,basigin_outer1_pos116_7,basigin_outer1_pos117_2,basigin_outer1_pos117_7,basigin_outer1_pos118_0,basigin_outer1_pos118_7,basigin_outer1_pos119_2,basigin_outer1_pos119_4,basigin_outer1_pos119_7,basigin_outer1_pos120_3,basigin_outer1_pos120_4,basigin_outer1_pos120_7,basigin_outer1_pos121_0,basigin_outer1_pos121_4,basigin_outer1_pos121_7,basigin_outer1_pos122_4,basigin_outer1_pos122_7,basigin_outer1_pos123_0,basigin_outer1_pos123_4,basigin_outer1_pos123_7,basigin_outer1_pos124_0,basigin_outer1_pos124_2,basigin_outer1_pos125_0,basigin_outer1_pos125_5,basigin_outer1_pos127_0,basigin_outer1_pos127_3,basigin_outer1_pos129_3,basigin_outer1_pos129_6,basigin_outer1_pos131_3,basigin_outer1_pos134_2,basigin_outer1_pos135_4,basigin_outer1_pos139_3,basigin_outer1_pos139_4,basigin_outer1_pos144_3,basigin_outer1_pos144_6,basigin_outer1_pos146_2,basigin_outer1_pos146_3,basigin_outer1_pos148_2,basigin_outer1_pos148_3,basigin_outer1_pos149_0,basigin_outer1_pos149_3,basigin_outer1_pos161_0,basigin_outer1_pos161_2,basigin_outer1_pos162_0,basigin_outer1_pos162_3,basigin_outer1_pos162_4,basigin_outer1_pos165_1,basigin_outer1_pos165_2,basigin_outer1_pos168_0,basigin_outer1_pos168_3,basigin_outer1_pos168_4,basigin_outer1_pos169_2,basigin_outer1_pos169_4,basigin_outer1_pos171_0,basigin_outer1_pos171_3,basigin_outer1_pos174_3,basigin_outer1_pos174_4,basigin_outer1_pos176_4,basigin_outer1_pos176_6,basigin_outer1_pos177_1,basigin_outer1_pos177_2,basigin_outer1_pos180_3,basigin_outer1_pos180_5,basigin_outer1_pos183_1,basigin_outer1_pos183_2,basigin_outer1_pos183_4,basigin_outer1_pos184_0,basigin_outer1_pos184_3,basigin_outer1_pos184_6,basigin_outer1_pos196_3,basigin_outer1_pos196_4,basigin_outer1_pos198_1,basigin_outer1_pos198_3,basigin_outer1_pos200_2,basigin_outer1_pos200_3,basigin_outer1_pos202_2,basigin_outer1_pos202_5,basigin_outer1_pos204_1,basigin_outer1_pos204_2,basigin_outer1_pos204_6,basigin_outer1_pos205_0,basigin_outer1_pos205_7,basigin_outer1_pos206_4,basigin_outer1_pos206_7,basigin_outer1_pos207_4,basigin_outer1_pos207_7,basigin_outer1_pos208_3,basigin_outer1_pos208_7,basigin_outer1_pos210_0,basigin_outer1_pos210_5,basigin_outer1_pos223_2,basigin_outer1_pos223_3,basigin_outer1_pos231_0,basigin_outer1_pos231_4,basigin_outer1_pos233_1,basigin_outer1_pos233_2,basigin_outer1_pos235_1,basigin_outer1_pos235_2,basigin_outer1_pos237_0,basigin_outer1_pos237_4,basigin_outer1_pos242_2,basigin_outer1_pos242_3,basigin_outer1_pos244_0,basigin_outer1_pos244_4,basigin_outer1_pos251_0,basigin_outer1_pos251_3,basigin_outer1_pos252_0,basigin_outer1_pos254_1,basigin_outer1_pos254_2,basigin_outer1_pos255_0,basigin_outer1_pos255_4,basigin_outer1_pos262_0,basigin_outer1_pos262_3,basigin_outer1_pos267_2,basigin_outer1_pos267_3,basigin_outer1_pos269_3,basigin_outer1_pos269_4,basigin_outer1_pos271_0,basigin_outer1_pos271_3,basigin_outer1_pos276_1,basigin_outer1_pos276_6,basigin_outer1_pos278_1,basigin_outer1_pos278_2,basigin_outer1_pos288_1,basigin_outer1_pos288_2,basigin_outer1_pos290_0,basigin_outer1_pos290_1,basigin_outer1_pos294_2,basigin_outer1_pos294_3,basigin_outer1_pos297_1,basigin_outer1_pos297_2,basigin_outer1_pos303_3,basigin_outer1_pos303_4,basigin_outer1_pos313_0,basigin_outer1_pos313_7,Species
saimiri_boliviensis,0,1,0,1,1,1,1,1,0,1,0,1,0,1,0,1,0,1,0,1,0,1,0,1,0,1,0,1,0,1,0,1,0,1,0,1,0,1,0,1,0,1,0,1,0,1,0,1,0,1,0,1,0,1,0,1,0,1,0,1,0,1,0,1,0,1,0,1,0,1,0,1,0,1,0,1,0,1,0,1,0,1,0,1,0,1,0,1,0,1,0,1,0,1,0,1,0,1,0,1,0,1,0,1,0,1,0,1,0,1,0,1,0,1,0,1,0,1,0,1,0,1,0,1,0,1,0,1,0,1,0,1,0,1,0,1,0,1,0,1,0,1,0,1,0,1,0,1,0,1,0,1,0,1,0,1,0,1,0,1,0,1,0,1,0,1,0,0,1,0,1,0,1,0,1,0,1,0,1,0,0,1,0,1,0,1,0,1,0,1,0,1,0,1,0,1,0,1,0,1,0,0,1,0,1,0,1,0,1,0,0,1,0,1,0,1,0,0,1,0,1,0,0,1,0,0,1,0,0,1,0,0,1,0,1,0,1,0,1,1,0,0,0,0,0,1,0,0,1,0,1,0,0,0,0,1,0,0,0,1,0,0,0,1,1,0,1,0,0,1,1,0,1,0,0,1,0,0,1,0,1,0,1,0,1,0,1,0,0,1,1,0,0,1,0,1,1,0,0,0,0,1,1,0,1,0,1,0,0,1,1,0,0,0,1,0,1,0,1,0,1,0,1,1,0,0,1,0,1,1,0,1,0,1,0,0,1,1,0,0,0,1,0,1,0,1,1,0,1,0,1,0,0,1,1,0,1,0,1,0,0,1,0,1,0,1,0,1,infected
callithrix_jacchus,0,1,0,1,1,1,1,1,0,1,0,1,0,1,0,1,0,1,0,1,0,1,0,1,0,1,0,1,0,1,0,1,0,1,0,1,0,1,0,1,0,1,0,1,0,1,0,1,0,1,0,1,0,1,0,1,0,1,0,1,0,1,0,1,0,1,0,1,0,1,0,1,0,1,0,1,0,1,0,1,0,1,0,1,0,1,0,1,0,1,0,1,0,1,0,1,0,1,0,1,0,1,0,1,0,1,0,1,0,1,0,1,0,1,0,1,0,1,0,1,0,1,0,1,0,1,0,1,0,1,0,1,0,1,0,1,0,1,0,1,0,1,0,1,0,1,0,1,0,1,0,1,0,1,0,1,0,1,0,1,0,1,0,1,0,1,0,0,1,0,1,0,1,0,1,0,1,0,1,0,0,1,0,1,0,1,0,1,0,1,0,1,0,1,0,1,0,1,0,1,0,0,1,0,1,0,1,0,1,0,0,1,0,1,0,1,0,0,1,0,1,0,0,1,0,0,1,0,0,1,0,0,1,0,1,0,1,0,1,0,0,1,0,0,1,0,0,1,0,1,1,0,0,1,0,1,0,1,0,1,0,1,1,1,1,0,1,0,1,0,1,0,1,0,0,1,0,0,1,0,1,0,1,0,1,0,1,0,0,1,1,0,0,1,0,1,1,0,0,0,0,1,1,0,1,0,0,1,0,1,1,0,0,0,1,0,1,0,1,0,1,0,1,1,0,0,1,0,1,1,0,1,0,1,0,0,1,1,0,1,0,1,0,1,0,1,1,0,1,0,1,0,0,1,1,0,1,0,1,0,0,1,0,1,0,1,0,1,resistant
aotus_nancymaae,0,1,0,1,1,1,1,1,0,1,0,1,0,1,0,1,0,1,0,1,0,1,0,1,0,1,0,1,0,1,0,1,0,1,0,1,0,1,0,1,0,1,0,1,0,1,0,1,0,1,0,1,0,1,0,1,0,1,0,1,0,1,0,1,0,1,0,1,0,1,0,1,0,1,0,1,0,1,0,1,0,1,0,1,0,1,0,1,0,1,0,1,0,1,0,1,0,1,0,1,0,1,0,1,0,1,0,1,0,1,0,1,0,1,0,1,0,1,0,1,0,1,0,1,0,1,0,1,0,1,0,1,0,1,0,1,0,1,0,1,0,1,0,1,0,1,0,1,0,1,0,1,0,1,0,1,0,1,0,1,0,1,0,1,0,1,0,0,1,0,1,0,1,0,1,0,1,0,1,0,0,1,0,1,0,1,0,1,0,1,0,1,0,1,0,1,0,1,0,1,0,0,1,0,1,0,1,0,1,0,0,1,0,1,0,1,0,0,1,0,1,0,0,1,0,0,1,0,0,1,0,0,1,0,1,0,1,0,1,0,0,1,0,0,1,0,0,1,0,1,1,0,0,1,0,1,0,1,0,1,0,1,1,1,1,0,1,0,0,1,1,0,1,0,0,1,0,0,1,1,0,0,1,0,1,0,1,0,0,1,1,0,0,1,0,1,1,0,0,0,0,1,1,0,1,0,0,1,0,1,1,0,0,0,1,0,1,0,1,0,1,0,1,1,0,0,1,0,1,1,0,1,0,1,0,0,1,1,0,1,0,1,0,1,0,1,1,0,1,0,1,0,0,1,1,0,1,0,1,0,0,1,0,1,0,1,0,1,infected
aotus_trivirgatus,0,1,0,1,1,1,1,1,0,1,0,1,0,1,0,1,0,1,0,1,0,1,0,1,0,1,0,1,0,1,0,1,0,1,0,1,0,1,0,1,0,1,0,1,0,1,0,1,0,1,0,1,0,1,0,1,0,1,0,1,0,1,0,1,0,1,0,1,0,1,0,1,0,1,0,1,0,1,0,1,0,1,0,1,0,1,0,1,0,1,0,1,0,1,0,1,0,1,0,1,0,1,0,1,0,1,0,1,0,1,0,1,0,1,0,1,0,1,0,1,0,1,0,1,0,1,0,1,0,1,0,1,0,1,0,1,0,1,0,1,0,1,0,1,0,1,0,1,0,1,0,1,0,1,0,1,0,1,0,1,0,1,0,1,0,1,0,0,1,0,1,0,1,0,1,0,1,0,1,0,0,1,0,1,0,1,0,1,0,1,0,1,0,1,0,1,0,1,0,1,0,0,1,0,1,0,1,0,1,0,0,1,0,1,0,1,0,0,1,0,1,0,0,1,0,1,0,0,0,0,0,0,0,0,0,0,0,0,0,1,0,0,0,0,0,1,0,0,0,0,1,0,0,1,0,1,0,1,0,1,0,1,1,1,1,0,1,0,0,1,1,0,1,0,0,1,0,0,1,1,0,0,1,0,1,0,1,0,0,1,1,0,0,1,0,1,1,0,0,0,0,1,1,0,1,0,0,1,0,1,1,0,0,0,1,0,1,0,1,0,1,0,1,1,0,0,1,0,1,1,0,0,1,1,0,0,1,1,0,1,0,1,0,1,0,1,1,0,1,0,1,0,0,1,1,0,1,0,1,0,0,1,0,1,0,1,0,1,resistant
gorilla_gorilla,0,1,0,1,1,1,1,1,0,1,0,1,0,1,0,1,0,1,0,1,0,1,0,1,0,1,0,1,0,1,0,1,0,1,0,1,0,1,0,1,0,1,0,1,0,1,0,1,0,1,0,1,0,1,0,1,0,1,0,1,0,1,0,1,0,1,0,1,0,1,0,1,0,1,0,1,0,1,0,1,0,1,0,1,0,1,0,1,0,1,0,1,0,1,0,1,0,1,0,1,0,1,0,1,0,1,0,1,0,1,0,1,0,1,0,1,0,1,0,1,0,1,0,1,0,1,0,1,0,1,0,1,0,1,0,1,0,1,0,1,0,1,0,1,0,1,0,1,0,1,0,1,0,1,0,1,0,1,0,1,0,1,0,1,0,1,0,0,1,0,1,0,1,0,1,0,1,0,1,0,0,1,0,1,0,1,0,1,0,1,0,1,0,1,0,1,0,1,0,1,0,0,1,0,1,0,1,0,1,0,0,1,0,1,0,1,0,0,1,0,1,0,0,1,0,0,1,0,0,1,0,0,1,0,1,0,1,0,1,0,0,1,0,0,1,0,0,1,0,1,1,0,0,1,0,1,0,0,1,0,0,1,1,1,0,1,1,0,1,0,0,1,1,0,1,0,0,0,1,1,0,1,0,0,0,1,1,0,1,0,0,1,0,1,1,0,0,1,0,0,0,1,0,1,0,1,1,0,1,0,0,0,1,0,1,0,1,0,1,0,0,0,1,1,0,1,0,1,0,0,1,0,1,1,0,1,0,0,1,1,1,0,1,0,0,1,0,1,1,0,1,0,0,1,0,1,0,1,0,1,0,1,1,0,0,1,0,1,infected
homo_sapiens,0,1,0,1,1,1,1,1,0,1,0,1,0,1,0,1,0,1,0,1,0,1,0,1,0,1,0,1,0,1,0,1,0,1,0,1,0,1,0,1,0,1,0,1,0,1,0,1,0,1,0,1,0,1,0,1,0,1,0,1,0,1,0,1,0,1,0,1,0,1,0,1,0,1,0,1,0,1,0,1,0,1,0,1,0,1,0,1,0,1,0,1,0,1,0,1,0,1,0,1,0,1,0,1,0,1,0,1,0,1,0,1,0,1,0,1,0,1,0,1,0,1,0,1,0,1,0,1,0,1,0,1,0,1,0,1,0,1,0,1,0,1,0,1,0,1,0,1,0,1,0,1,0,1,0,1,0,1,0,1,0,1,0,1,0,1,0,0,1,0,1,0,1,0,1,0,1,0,1,0,0,1,0,1,0,1,0,1,0,1,0,1,0,1,0,1,0,1,0,1,0,0,1,0,1,0,1,0,1,0,0,1,0,1,0,1,0,0,1,0,1,0,0,1,0,0,1,0,0,1,0,0,1,0,1,0,1,0,1,0,0,1,0,0,1,0,0,1,0,1,1,0,0,1,0,1,0,0,1,0,1,1,1,1,0,1,1,0,1,0,0,1,1,0,1,0,0,0,1,1,0,1,0,0,0,1,1,0,1,0,0,1,1,0,1,0,0,1,0,0,0,1,0,1,0,1,1,0,1,0,0,0,1,0,1,0,1,0,1,0,1,0,1,1,0,0,1,1,0,0,1,0,1,1,0,1,0,0,1,0,1,0,1,0,0,1,0,1,1,0,1,0,0,1,0,1,0,1,0,1,0,1,1,0,0,1,0,1,infected
pan_paniscus,0,1,0,1,1,1,1,1,0,1,0,1,0,1,0,1,0,1,0,1,0,1,0,1,0,1,0,1,0,1,0,1,0,1,0,1,0,1,0,1,0,1,0,1,0,1,0,1,0,1,0,1,0,1,0,1,0,1,0,1,0,1,0,1,0,1,0,1,0,1,0,1,0,1,0,1,0,1,0,1,0,1,0,1,0,1,0,1,0,1,0,1,0,1,0,1,0,1,0,1,0,1,0,1,0,1,0,1,0,1,0,1,0,1,0,1,0,1,0,1,0,1,0,1,0,1,0,1,0,1,0,1,0,1,0,1,0,1,0,1,0,1,0,1,0,1,0,1,0,1,0,1,0,1,0,1,0,1,0,0,1,0,0,0,0,0,0,1,0,0,0,0,0,0,0,0,0,0,0,0,1,0,0,0,0,0,1,0,0,0,0,0,0,0,0,0,0,0,0,0,1,0,0,0,0,0,0,0,0,1,0,0,1,0,0,0,1,0,0,1,0,0,1,0,1,0,0,0,1,0,0,1,0,1,0,1,0,0,0,0,1,0,1,0,0,0,0,0,0,0,0,1,0,1,0,1,0,0,1,0,1,1,1,1,0,1,0,1,1,0,0,1,1,0,1,0,0,0,1,0,1,1,0,0,0,1,1,0,1,0,0,1,1,0,1,0,0,1,0,0,0,1,0,1,0,1,1,0,1,0,0,0,1,0,1,0,1,0,1,0,1,0,1,1,0,0,1,1,0,0,1,0,1,1,0,1,0,0,1,1,1,0,1,0,0,1,0,1,0,1,1,0,0,1,0,1,0,1,0,1,1,0,0,1,0,1,0,1,resistant
pan_troglodytes,0,1,0,1,1,1,1,1,0,1,0,1,0,1,0,1,0,1,0,1,0,1,0,1,0,1,0,1,0,1,0,1,0,1,0,1,0,1,0,1,0,1,0,1,0,1,0,1,0,1,0,1,0,1,0,1,0,1,0,1,0,1,0,1,0,1,0,1,0,1,0,1,0,1,0,1,0,1,0,1,0,1,0,1,0,1,0,1,0,1,0,1,0,1,0,1,0,1,0,1,0,1,0,1,0,1,0,1,0,1,0,1,0,1,0,1,0,1,0,1,0,1,0,1,0,1,0,1,0,1,0,1,0,1,0,1,0,1,0,1,0,1,0,1,0,1,0,1,0,1,0,1,0,1,0,1,0,1,0,1,0,1,0,1,0,1,0,0,1,0,1,0,1,0,1,0,1,0,1,0,0,1,0,1,0,1,0,1,0,1,0,1,0,1,0,1,0,1,0,1,0,0,1,0,1,0,1,0,1,0,0,1,0,1,0,1,0,0,1,0,1,0,0,1,0,0,1,0,0,1,0,0,1,0,1,0,1,0,1,0,0,1,0,0,1,0,0,1,0,1,1,0,0,1,0,1,0,0,1,0,1,1,1,1,0,1,0,1,1,0,0,1,1,0,1,0,0,0,1,0,1,1,0,0,0,1,1,0,1,0,0,1,1,0,1,0,0,1,0,0,0,1,0,1,0,1,1,0,1,0,0,0,1,0,1,0,1,0,1,0,1,0,1,1,0,0,1,1,0,0,1,0,1,1,0,1,0,0,1,1,1,0,1,0,0,1,0,1,0,1,1,0,0,1,0,1,0,1,0,1,1,0,0,1,0,1,0,1,infected
pongo_abelii,0,1,0,1,1,1,1,1,0,1,0,1,0,1,0,1,0,1,0,1,0,1,0,1,0,1,0,1,0,1,0,1,0,1,0,1,0,1,0,1,0,1,0,1,0,1,0,1,0,1,0,1,0,1,0,1,0,1,0,1,0,1,0,1,0,1,0,1,0,1,0,1,0,1,0,1,0,1,0,1,0,1,0,1,0,1,0,1,0,1,0,1,0,1,0,1,0,1,0,1,0,1,0,1,0,1,0,1,0,1,0,1,0,1,0,1,0,1,0,1,0,1,0,1,0,1,0,1,0,1,0,1,0,1,0,1,0,1,0,1,0,1,0,1,0,1,0,1,0,1,0,1,0,1,0,1,0,1,0,1,0,1,0,1,0,1,0,0,1,0,1,0,1,0,1,0,1,0,1,0,0,1,0,1,0,1,0,1,0,1,0,1,0,1,0,1,0,1,0,1,0,0,1,0,1,0,1,0,1,0,0,1,0,1,0,1,0,0,1,0,1,0,0,1,0,0,1,0,0,1,0,0,1,0,1,0,1,0,1,0,0,1,0,0,1,0,0,1,0,1,1,0,0,1,0,1,0,0,1,1,0,1,1,0,1,0,0,1,1,0,0,1,0,1,1,0,0,0,1,1,0,0,0,1,0,1,0,0,1,0,0,1,0,1,1,0,0,0,0,0,0,1,1,0,1,0,1,0,1,0,0,0,1,0,1,0,1,0,1,0,1,0,1,1,0,1,0,1,0,0,1,0,1,1,0,0,1,0,1,1,0,1,0,1,0,1,0,1,1,0,1,0,0,1,0,1,0,1,0,1,0,1,0,1,0,1,0,1,infected
colobus_angolensis,1,0,1,0,0,0,0,0,0,0,1,0,1,0,0,0,0,0,0,0,0,0,0,0,0,0,0,0,0,0,1,0,0,0,0,0,1,0,0,0,0,0,0,0,0,0,1,0,1,0,0,0,0,0,0,0,1,0,0,0,0,0,0,0,0,0,0,0,0,0,0,0,0,0,1,0,0,0,0,0,0,0,0,0,1,0,0,0,1,0,0,0,0,0,0,0,0,0,0,0,0,0,0,0,0,0,0,0,0,0,1,0,1,0,0,0,0,0,0,0,0,0,1,0,0,0,0,0,0,0,1,0,1,0,0,0,0,0,0,0,0,0,0,0,1,0,1,0,0,0,1,0,0,0,0,0,0,0,0,0,0,0,0,0,0,0,0,1,0,0,0,0,0,0,0,0,0,0,0,0,1,0,0,0,0,0,0,0,0,0,1,0,0,0,0,0,0,0,0,0,1,0,0,0,0,0,0,0,0,1,0,0,0,0,0,0,1,0,0,1,0,0,1,0,1,0,0,0,1,0,0,1,0,1,0,1,0,0,0,0,1,0,1,0,0,0,1,0,0,0,0,1,0,1,0,1,0,0,1,0,1,1,1,1,1,0,1,0,1,0,0,1,0,1,1,0,0,1,0,1,0,0,0,1,0,1,0,1,1,0,0,1,0,1,1,0,1,0,0,0,0,1,1,0,1,0,1,0,1,0,0,0,1,0,1,0,1,0,1,0,1,0,1,0,1,1,0,1,0,0,1,0,1,1,0,0,1,0,1,1,0,1,0,1,0,1,0,1,1,0,1,0,0,1,0,1,1,0,1,0,0,1,0,1,0,1,0,1,resistant
rhinopithecus_bieti,0,1,0,1,1,1,1,1,0,1,0,1,0,1,0,1,0,1,0,1,0,1,0,1,0,1,0,1,0,1,0,1,0,1,0,1,0,1,0,1,0,1,0,1,0,1,0,1,0,1,0,1,0,1,0,1,0,1,0,1,0,1,0,1,0,1,0,1,0,1,0,1,0,1,0,1,0,1,0,1,0,1,0,1,0,1,0,1,0,1,0,1,0,1,0,1,0,1,0,1,0,1,0,1,0,1,0,1,0,1,0,1,0,1,0,1,0,1,0,1,0,1,0,1,0,1,0,1,0,1,0,1,0,1,0,1,0,1,0,1,0,1,0,1,0,1,0,1,0,1,0,1,0,1,0,1,0,1,0,1,0,1,0,1,0,1,0,0,1,0,1,0,1,0,1,0,1,0,1,0,0,1,0,1,0,1,0,1,0,1,0,1,0,1,0,1,0,1,0,1,0,0,1,0,1,0,1,0,1,0,0,1,0,1,0,1,0,0,1,0,1,0,0,1,0,0,1,0,0,1,0,0,1,0,1,0,1,0,1,0,0,1,0,0,1,0,0,1,0,1,1,0,0,1,0,1,0,0,1,0,1,1,1,1,1,0,1,0,1,0,0,1,0,1,1,0,0,1,0,1,0,0,0,1,0,1,0,1,1,0,0,1,0,1,1,0,1,0,0,0,0,1,1,0,1,0,1,0,1,0,0,0,1,0,1,0,1,0,1,0,1,0,1,0,1,1,0,1,0,0,1,0,1,1,0,0,1,0,1,1,0,1,0,1,0,1,0,1,1,0,1,0,0,1,0,1,1,0,1,0,0,1,0,1,0,1,1,0,resistant
rhinopithecus_roxellana,0,1,0,1,1,1,1,1,0,1,0,1,0,1,0,1,0,1,0,1,0,1,0,1,0,1,0,1,0,1,0,1,0,1,0,1,0,1,0,1,0,1,0,1,0,1,0,1,0,1,0,1,0,1,0,1,0,1,0,1,0,1,0,1,0,1,0,1,0,1,0,1,0,1,0,1,0,1,0,1,0,1,0,1,0,1,0,1,0,1,0,1,0,1,0,1,0,1,0,1,0,1,0,1,0,1,0,1,0,1,0,1,0,1,0,1,0,1,0,1,0,1,0,1,0,1,0,1,0,1,0,1,0,1,0,1,0,1,0,1,0,1,0,1,0,1,0,1,0,1,0,1,0,1,0,1,0,1,0,1,0,1,0,1,0,1,0,0,1,0,1,0,1,0,1,0,1,0,1,0,0,1,0,1,0,1,0,1,0,1,0,1,0,1,0,1,0,1,0,1,0,0,1,0,1,0,1,0,1,0,0,1,0,1,0,1,0,0,1,0,1,0,0,1,0,0,1,0,0,1,0,0,1,0,1,0,1,0,1,0,0,1,0,0,1,0,0,1,0,1,0,0,1,0,0,0,0,0,0,0,0,0,0,0,0,0,0,0,0,0,0,0,0,0,0,0,0,0,0,0,0,0,0,0,0,1,0,1,1,0,0,1,0,1,1,0,1,0,0,0,0,1,1,0,1,0,1,0,1,0,0,0,1,0,1,0,1,0,1,0,1,0,1,0,1,1,0,1,0,0,1,0,1,1,0,0,1,0,1,1,0,1,0,1,0,1,0,1,1,0,1,0,0,1,0,1,1,0,1,0,0,1,0,1,0,1,0,1,resistant
chlorocebus_sabaeus,0,1,0,1,1,1,1,1,0,1,1,0,1,0,1,0,1,0,1,0,1,0,1,0,1,0,1,0,1,0,1,0,1,0,1,0,1,0,1,0,1,0,1,0,1,0,1,0,1,0,1,0,1,0,1,0,1,0,1,0,1,0,1,0,1,0,1,0,1,0,1,0,1,0,1,0,1,0,1,0,1,0,1,0,1,0,1,0,1,0,1,0,1,0,1,0,1,0,1,0,1,0,1,0,1,0,1,0,1,0,1,0,1,0,1,0,1,0,1,0,1,0,1,0,1,0,1,0,1,0,1,0,1,0,1,0,1,0,0,0,1,0,1,0,1,0,1,0,1,0,1,0,1,0,1,0,1,0,1,0,1,0,1,0,1,0,1,0,0,1,0,1,0,1,0,1,0,1,0,1,0,0,1,0,1,0,1,0,1,0,1,0,1,0,1,0,1,0,1,0,0,1,0,1,0,1,0,1,0,0,1,0,1,0,1,0,0,1,0,1,0,1,0,0,0,1,0,1,0,0,1,0,0,1,0,1,0,1,0,0,1,0,0,1,0,0,1,0,1,0,0,1,0,0,1,0,1,0,1,1,0,1,1,1,1,0,1,0,1,0,0,1,0,1,1,0,1,0,0,1,0,0,1,0,0,1,1,0,1,0,0,1,0,1,1,0,0,0,1,0,0,1,1,0,1,0,1,0,1,0,0,1,0,0,1,0,1,0,1,0,1,0,0,0,1,1,0,1,0,0,1,0,1,1,0,0,1,0,1,1,0,1,0,1,1,0,0,1,1,0,1,0,0,1,0,1,1,0,1,0,0,1,1,0,0,1,0,1,resistant
mandrillus_leucophaeus,1,0,0,0,0,0,0,0,1,0,1,0,1,0,1,0,1,0,1,0,1,0,1,0,1,0,1,0,1,0,1,0,1,0,1,0,1,0,1,0,1,0,1,0,1,0,1,0,1,0,1,0,1,0,1,0,1,0,1,0,1,0,1,0,1,0,1,0,1,0,1,0,1,0,1,0,1,0,1,0,1,0,1,0,1,0,1,0,1,0,1,0,1,0,1,0,1,0,1,0,1,0,1,0,1,0,1,0,1,0,1,0,1,0,1,0,1,0,1,0,1,0,1,0,1,0,1,0,1,0,1,0,1,0,1,0,1,0,1,0,1,0,1,0,1,0,1,0,1,0,1,0,1,0,1,0,1,0,1,0,1,0,1,0,1,0,1,0,0,1,0,1,0,1,0,1,0,1,0,1,0,0,1,0,1,0,1,0,1,0,1,0,1,0,1,0,1,0,1,0,0,1,0,1,0,1,0,1,0,0,1,0,1,0,1,0,0,1,0,1,0,1,0,0,0,1,0,1,0,0,1,0,0,1,0,1,0,1,0,0,1,0,0,1,0,0,1,0,1,0,0,1,0,0,1,0,1,0,1,1,0,1,1,1,1,0,1,0,1,0,0,1,0,1,1,0,1,0,0,1,0,0,1,0,0,1,1,0,1,0,0,1,0,1,1,0,0,0,1,0,1,0,1,0,1,0,1,0,1,0,0,1,0,0,1,0,1,0,1,0,1,1,0,0,1,1,0,1,0,0,1,0,1,1,0,0,1,0,1,1,0,1,0,1,1,0,0,1,1,0,1,0,1,0,0,1,1,0,1,0,0,1,0,1,0,1,1,0,resistant
cercocebus_atys,0,1,0,1,1,1,1,1,0,1,0,1,0,1,0,1,0,1,0,1,0,1,0,1,0,1,0,1,0,1,0,1,0,1,0,1,0,1,0,1,0,1,0,1,0,1,0,1,0,1,0,1,0,1,0,1,0,1,0,1,0,1,0,1,0,1,0,1,0,1,0,1,0,1,0,1,0,1,0,1,0,1,0,1,0,1,0,1,0,1,0,1,0,1,0,1,0,1,0,1,0,1,0,1,0,1,0,1,0,1,0,1,0,1,0,1,0,1,0,1,0,1,0,1,0,1,0,1,0,1,0,1,0,1,0,1,0,1,0,1,0,1,0,1,0,1,0,1,0,1,0,1,0,1,0,1,0,1,0,1,0,1,0,1,0,1,0,0,1,0,1,0,1,0,1,0,1,0,1,0,0,1,0,1,0,1,0,1,0,1,0,1,0,1,0,1,0,1,0,1,0,0,1,0,1,0,1,0,1,0,0,1,0,1,0,1,0,0,1,0,1,0,0,1,0,0,1,0,0,1,0,0,1,0,1,0,1,0,1,0,0,1,0,0,1,0,0,1,0,1,1,0,0,1,0,1,0,0,1,1,0,1,1,1,1,0,1,0,1,0,0,1,0,1,1,0,1,0,0,1,0,0,1,0,0,1,1,0,0,1,0,1,0,1,1,0,0,0,1,0,1,0,1,0,1,0,1,0,1,0,0,1,0,1,0,1,0,1,0,1,0,1,0,0,1,0,0,1,0,0,1,0,1,1,0,0,1,0,1,1,0,1,0,1,1,0,0,1,1,0,1,0,1,0,0,1,1,0,1,0,0,1,0,1,0,1,1,0,resistant
macaca_fascicularis,0,1,0,1,1,1,1,1,0,1,0,1,0,1,0,1,0,1,0,1,0,1,0,1,0,1,0,1,0,1,0,1,0,1,0,1,0,1,0,1,0,1,0,1,0,1,0,1,0,1,0,1,0,1,0,1,0,1,0,1,0,1,0,1,0,1,0,1,0,1,0,1,0,1,0,1,0,1,0,1,0,1,0,1,0,1,0,1,0,1,0,1,0,1,0,1,0,1,0,1,0,1,0,1,0,1,0,1,0,1,0,1,0,1,0,1,0,1,0,1,0,1,0,1,0,1,0,1,0,1,0,1,0,1,0,1,0,1,0,1,0,1,0,1,0,1,0,1,0,1,0,1,0,1,0,1,0,1,0,1,0,1,0,1,0,1,0,0,1,0,1,0,1,0,1,0,1,0,1,0,0,1,0,1,0,1,0,1,0,1,0,1,0,1,0,1,0,1,0,1,0,0,1,0,1,0,1,0,1,0,0,1,0,1,0,1,0,0,1,0,1,0,0,1,0,0,1,0,0,1,0,0,1,0,1,0,1,0,1,0,0,1,0,0,1,0,0,1,0,1,1,0,0,1,0,1,0,0,1,1,0,1,1,1,1,0,1,0,1,0,0,1,0,1,1,0,1,0,0,1,0,0,1,0,0,1,1,0,1,0,0,1,0,1,1,0,0,0,1,1,0,0,1,0,1,0,1,0,1,0,0,1,0,1,0,1,0,1,0,1,0,1,0,0,1,1,0,1,0,0,1,0,1,0,1,0,1,0,1,1,0,1,0,1,1,0,0,1,1,0,1,0,1,0,0,1,1,0,1,0,0,1,0,1,1,0,0,1,resistant
macaca_mulatta,0,1,0,1,1,1,1,1,0,1,0,1,0,1,0,1,0,1,0,1,0,1,0,1,0,1,0,1,0,1,0,1,0,1,0,1,0,1,0,1,0,1,0,1,0,1,0,1,0,1,0,1,0,1,0,1,0,1,0,1,0,1,0,1,0,1,0,1,0,1,0,1,0,1,0,1,0,1,0,1,0,1,0,1,0,1,0,1,0,1,0,1,0,1,0,1,0,1,0,1,0,1,0,1,0,1,0,1,0,1,0,1,0,1,0,1,0,1,0,1,0,1,0,1,0,1,0,1,0,1,0,1,0,1,0,1,0,1,0,1,0,1,0,1,0,1,0,1,0,1,0,1,0,1,0,1,0,1,0,1,0,1,0,1,0,1,0,0,1,0,1,0,1,0,1,0,1,0,1,0,0,1,0,1,0,1,0,1,0,1,0,1,0,1,0,1,0,1,0,1,0,0,1,0,1,0,1,0,1,0,0,1,0,1,0,1,0,0,1,0,1,0,0,1,0,0,1,0,0,1,0,0,1,0,1,0,1,0,1,0,0,1,0,0,1,0,0,1,0,1,1,0,0,1,0,1,0,0,1,1,0,1,1,1,1,0,1,0,1,0,0,1,0,1,1,0,1,0,0,1,0,0,1,0,0,1,1,0,1,0,0,1,0,1,1,0,0,0,1,1,0,0,1,0,1,0,1,0,1,0,0,1,0,1,0,1,0,1,0,1,0,1,0,0,1,1,0,1,0,0,1,0,1,0,1,0,1,0,1,1,0,1,0,1,1,0,0,1,1,0,1,0,1,0,0,1,1,0,1,0,0,1,0,1,1,0,0,1,resistant
papio_anubis,0,1,0,1,1,1,1,1,0,1,0,1,0,1,0,1,0,1,0,1,0,1,0,1,0,1,0,1,0,1,0,1,0,1,0,1,0,1,0,1,0,1,0,1,0,1,0,1,0,1,0,1,0,1,0,1,0,1,0,1,0,1,0,1,0,1,0,1,0,1,0,1,0,1,0,1,0,1,0,1,0,1,0,1,0,1,0,1,0,1,0,1,0,1,0,1,0,1,0,1,0,1,0,1,0,1,0,1,0,1,0,1,0,1,0,1,0,1,0,1,0,1,0,1,0,1,0,1,0,1,0,1,0,1,0,1,0,1,0,1,0,1,0,1,0,1,0,1,0,1,0,1,0,1,0,1,0,1,0,1,0,1,0,1,0,1,0,0,1,0,1,0,1,0,1,0,1,0,1,0,0,1,0,1,0,1,0,1,0,1,0,1,0,1,0,1,0,1,0,1,0,0,1,0,1,0,1,0,1,0,0,1,0,1,0,1,0,0,1,0,1,0,0,1,0,0,1,0,0,1,0,0,1,0,1,0,1,0,1,0,0,1,0,0,1,0,0,1,0,1,0,0,1,1,0,1,0,0,1,1,0,1,1,1,1,0,1,0,1,0,0,1,0,1,1,0,1,0,0,1,0,0,1,0,0,1,1,0,1,0,0,1,0,1,1,0,0,0,1,0,1,0,1,0,1,0,1,0,1,0,0,1,0,1,0,1,0,1,0,1,0,1,0,0,1,1,0,1,0,0,1,0,1,1,0,0,1,0,1,1,0,1,0,1,1,0,0,1,1,0,0,1,1,0,0,1,1,0,1,0,0,1,0,1,0,1,0,1,resistant
theropithecus_gelada,0,0,1,0,0,0,0,0,1,0,1,0,1,0,1,0,1,0,1,0,1,0,1,0,1,0,1,0,1,0,1,0,1,0,1,0,1,0,1,0,1,0,1,0,1,0,1,0,1,0,1,0,1,0,1,0,1,0,1,0,1,0,1,0,1,0,1,0,1,0,1,0,1,0,1,0,1,0,1,0,1,0,1,0,1,0,1,0,1,0,1,0,1,0,1,0,1,0,1,0,1,0,1,0,1,0,1,0,1,0,1,0,1,0,1,0,1,0,1,0,1,0,1,0,1,0,1,0,1,0,1,0,1,0,1,0,1,0,1,0,1,0,1,0,1,0,1,0,1,0,1,0,1,0,1,0,1,0,1,0,1,0,1,0,1,0,1,0,0,1,0,1,0,1,0,1,0,1,0,1,0,0,1,0,1,0,1,0,1,0,1,0,1,0,1,0,1,0,1,0,0,1,0,1,0,1,0,1,0,0,1,0,1,0,1,0,0,1,0,1,0,1,0,0,0,1,0,1,0,0,1,0,0,1,0,1,0,1,0,0,1,0,0,1,0,0,1,0,1,0,0,1,0,0,1,0,1,0,1,1,0,1,1,1,1,0,1,0,1,0,0,1,0,1,1,0,1,0,0,1,0,0,1,0,0,1,1,0,1,0,0,1,0,1,1,0,0,0,1,0,1,0,1,0,1,0,1,0,1,0,0,1,0,1,0,1,0,1,0,1,0,1,0,0,1,1,0,1,0,0,1,0,1,1,0,0,1,0,1,1,0,1,0,1,1,0,0,1,1,0,0,1,1,0,0,1,1,0,1,0,0,1,0,1,0,1,1,0,resistant
