,all,inf,not_inf,all_nuc,inf_nuc,not_inf_nuc
0,3,0,3,G,,G
1,3,0,3,A,,A
2,4,0,4,C,,C
3,3,0,3,G,,G
4,2,0,2,C,,C
5,2,0,2,A,,A
6,2,0,2,C,,C
7,2,0,2,A,,A
8,2,0,2,G,,G
9,2,0,2,C,,C
10,1,0,1,C,,C
11,3,0,3,C,,C
12,3,0,3,C,,C
13,2,0,2,C,,C
14,3,0,3,C,,C
15,4,0,4,G,,G
16,2,0,2,A,,A
17,4,0,4,G,,G
18,2,0,2,G,,G
19,4,0,4,G,,G
20,4,0,4,G,,G
21,3,0,3,C,,C
22,2,0,2,C,,C
23,4,0,4,G,,G
24,2,0,2,G,,G
25,2,0,2,G,,G
26,3,0,3,G,,G
27,2,0,2,G,,G
28,2,0,2,C,,C
29,3,0,3,G,,G
30,2,0,2,G,,G
31,2,0,2,G,,G
32,2,0,2,G,,G
33,3,0,3,C,,C
34,2,0,2,C,,C
35,3,0,3,A,,A
36,2,0,2,G,,G
37,2,0,2,G,,G
38,2,0,2,C,,C
39,2,0,2,T,,T
40,3,0,3,A,,A
41,2,0,2,T,,T
42,3,0,3,A,,A
43,2,0,2,A,,A
44,3,0,3,A,,A
45,3,0,3,C,,C
46,3,0,3,C,,C
47,2,0,2,G,,G
48,2,0,2,C,,C
49,2,0,2,C,,C
50,2,0,2,G,,G
51,2,0,2,G,,G
52,2,0,2,T,,T
53,2,0,2,T,,T
54,3,0,3,C,,C
55,2,0,2,G,,G
56,2,0,2,G,,G
57,2,0,2,G,,G
58,2,0,2,G,,G
59,2,0,2,C,,C
60,3,0,3,C,,C
61,2,0,2,G,,G
62,2,0,2,C,,C
63,2,0,2,C,,C
64,2,0,2,A,,A
65,2,0,2,T,,T
66,2,0,2,C,,C
67,2,0,2,C,,C
68,2,0,2,C,,C
69,2,0,2,C,,C
70,2,0,2,T,,T
71,2,0,2,C,,C
72,2,0,2,A,,A
73,2,0,2,G,,G
74,2,0,2,A,,A
75,2,0,2,G,,G
76,2,0,2,C,,C
77,2,0,2,G,,G
78,3,0,3,T,,T
79,2,0,2,C,,C
80,3,0,3,G,,G
81,1,0,1,A,,A
82,3,0,3,G,,G
83,3,0,3,A,,A
84,2,0,2,T,,T
85,2,0,2,A,,A
86,2,0,2,T,,T
87,3,0,3,C,,C
88,2,0,2,G,,G
89,2,0,2,G,,G
90,2,0,2,G,,G
91,3,0,3,T,,T
92,3,0,3,G,,G
93,2,0,2,G,,G
94,1,0,1,C,,C
95,1,0,1,A,,A
96,1,0,1,A,,A
97,2,0,2,C,,C
98,2,0,2,T,,T
99,1,0,1,A,,A
100,2,0,2,G,,G
101,1,0,1,C,,C
102,1,0,1,C,,C
103,3,0,3,C,,C
104,2,0,2,T,,T
105,2,0,2,G,,G
106,2,0,2,C,,C
107,1,0,1,A,,A
108,3,0,3,C,,C
109,2,0,2,G,,G
110,3,0,3,G,,G
111,3,0,3,G,,G
112,2,0,2,A,,A
113,3,0,3,C,,C
114,2,0,2,G,,G
115,2,0,2,G,,G
116,3,0,3,A,,A
117,3,0,3,G,,G
118,3,0,3,G,,G
119,2,0,2,A,,A
120,2,0,2,C,,C
121,1,0,1,A,,A
122,2,0,2,C,,C
123,2,0,2,G,,G
124,2,0,2,C,,C
125,3,0,3,T,,T
126,2,0,2,A,,A
127,2,0,2,T,,T
128,3,0,3,T,,T
129,4,0,4,G,,G
130,3,0,3,T,,T
131,6,0,6,T,,T
132,2,0,2,T,,T
133,1,0,1,T,,T
134,1,0,1,G,,G
135,1,0,1,A,,A
136,1,0,1,A,,A
137,1,0,1,A,,A
138,1,0,1,G,,G
139,1,0,1,G,,G
140,1,0,1,A,,A
141,1,0,1,A,,A
142,1,0,1,A,,A
143,1,0,1,A,,A
144,1,0,1,C,,C
145,1,0,1,A,,A
146,6,0,6,C,,C
147,6,0,6,T,,T
148,5,0,5,T,,T
149,5,0,5,C,,C
150,5,0,5,T,,T
151,6,0,6,G,,G
152,5,0,5,T,,T
153,5,0,5,G,,G
154,4,0,4,T,,T
155,3,0,3,G,,G
156,1,0,1,C,,C
157,1,0,1,A,,A
158,4,0,4,T,,T
159,3,0,3,G,,G
160,6,0,6,G,,G
161,6,0,6,C,,C
162,6,0,6,A,,A
163,5,0,5,G,,G
164,5,0,5,T,,T
165,6,0,6,T,,T
166,6,0,6,C,,C
167,5,0,5,A,,A
168,5,0,5,G,,G
169,4,0,4,A,,A
170,9,3,6,A,A,A
171,10,3,7,T,T,T
172,9,3,6,G,G,G
173,10,3,7,A,A,A
174,10,3,7,T,T,T
175,10,3,7,G,G,G
176,10,3,7,G,G,G
177,9,3,6,A,A,A
178,9,3,6,T,T,T
179,10,3,7,C,C,C
180,10,3,7,A,A,A
181,10,3,7,A,A,A
182,9,3,6,G,G,G
183,1,0,1,A,,A
184,1,0,1,A,,A
185,1,0,1,C,,C
186,1,0,1,A,,A
187,1,0,1,A,,A
188,1,0,1,G,,G
189,1,0,1,C,,C
190,1,0,1,A,,A
191,1,0,1,T,,T
192,1,0,1,A,,A
193,1,0,1,T,,T
194,1,0,1,A,,A
195,1,0,1,C,,C
196,10,3,7,C,C,C
197,10,3,7,T,T,T
198,10,3,7,A,A,A
199,9,3,6,G,G,G
200,9,3,6,A,A,A
201,9,3,6,T,T,T
202,9,3,6,C,C,C
203,10,3,7,A,A,A
204,10,3,7,G,G,G
205,10,3,7,C,C,C
206,8,3,5,A,A,A
207,10,3,7,T,T,T
208,10,3,7,T,T,T
209,9,3,6,C,C,C
210,9,3,6,T,T,T
211,10,3,7,C,C,C
212,10,3,7,T,T,T
213,10,3,7,A,A,A
214,10,3,7,A,A,A
215,1,0,1,A,,A
216,1,0,1,C,,C
217,1,0,1,A,,A
218,1,0,1,T,,T
219,1,0,1,T,,T
220,1,0,1,C,,C
221,1,0,1,C,,C
222,1,0,1,T,,T
223,1,0,1,G,,G
224,1,0,1,T,,T
225,1,0,1,G,,G
226,1,0,1,C,,C
227,1,0,1,C,,C
228,1,0,1,T,,T
229,1,0,1,G,,G
230,1,0,1,T,,T
231,1,0,1,T,,T
232,1,0,1,C,,C
233,1,0,1,T,,T
234,1,0,1,T,,T
235,1,0,1,C,,C
236,1,0,1,A,,A
237,1,0,1,T,,T
238,1,0,1,C,,C
239,1,0,1,A,,A
240,1,0,1,T,,T
241,1,0,1,G,,G
242,1,0,1,C,,C
243,10,3,7,C,C,C
244,9,3,6,T,T,T
245,9,3,6,T,T,T
246,1,0,1,T,,T
247,1,0,1,T,,T
248,1,0,1,T,,T
249,1,0,1,C,,C
250,1,0,1,C,,C
251,1,0,1,C,,C
252,1,0,1,C,,C
253,1,0,1,A,,A
254,1,0,1,A,,A
255,1,0,1,A,,A
256,1,0,1,A,,A
257,1,0,1,C,,C
258,1,0,1,A,,A
259,9,3,6,G,G,G
260,9,3,6,T,T,T
261,9,3,6,T,T,T
262,9,3,6,T,T,T
263,9,3,6,G,G,G
264,9,3,6,G,G,G
265,9,3,6,T,T,T
266,9,3,6,G,G,G
267,9,3,6,G,G,G
268,9,3,6,A,A,A
269,9,3,6,G,G,G
270,9,3,6,A,A,A
271,8,3,5,A,A,A
272,9,3,6,C,C,C
273,9,3,6,C,C,C
274,8,2,6,A,A,A
275,9,3,6,T,T,T
276,9,3,6,T,T,T
277,9,3,6,G,G,G
278,9,3,6,T,T,T
279,9,3,6,C,C,C
280,9,3,6,A,A,A
281,9,3,6,T,T,T
282,9,3,6,A,A,A
283,7,3,4,T,T,T
284,9,3,6,A,A,A
285,9,3,6,C,C,C
286,9,3,6,C,C,C
287,9,3,6,C,C,C
288,9,3,6,G,G,G
289,9,3,6,G,G,G
290,9,3,6,T,T,T
291,9,3,6,T,T,T
292,9,3,6,C,C,C
293,9,3,6,A,A,A
294,9,3,6,G,G,G
295,7,3,4,C,C,C
296,9,3,6,C,C,C
297,9,3,6,T,T,T
298,9,3,6,G,G,G
299,9,3,6,G,G,G
300,9,3,6,C,C,C
301,9,3,6,T,T,T
302,9,3,6,C,C,C
303,9,3,6,G,G,G
304,9,3,6,G,G,G
305,9,3,6,C,C,C
306,9,3,6,A,A,A
307,9,3,6,A,A,A
308,9,3,6,G,G,G
309,9,3,6,T,T,T
310,8,3,5,A,A,A
311,9,3,6,G,G,G
312,9,3,6,A,A,A
313,8,3,5,T,T,T
314,9,3,6,G,G,G
315,9,3,6,G,G,G
316,9,3,6,C,C,C
317,9,3,6,G,G,G
318,9,3,6,A,A,A
319,9,3,6,T,T,T
320,9,3,6,A,A,A
321,9,3,6,A,A,A
322,9,3,6,C,C,C
323,9,3,6,A,A,A
324,9,3,6,G,G,G
325,8,3,5,T,T,T
326,9,3,6,C,C,C
327,9,3,6,A,A,A
328,9,3,6,T,T,T
329,9,3,6,G,G,G
330,9,3,6,T,T,T
331,9,3,6,G,G,G
332,9,3,6,G,G,G
333,9,3,6,A,A,A
334,9,3,6,G,G,G
335,9,3,6,A,A,A
336,9,3,6,T,T,T
337,9,3,6,G,G,G
338,9,3,6,A,A,A
339,9,3,6,A,A,A
340,9,3,6,A,A,A
341,9,3,6,C,C,C
342,9,3,6,T,T,T
343,9,3,6,T,T,T
344,9,3,6,G,G,G
345,7,3,4,C,C,C
346,8,3,5,T,T,T
347,9,3,6,G,G,G
348,9,3,6,T,T,T
349,9,3,6,A,A,A
350,9,3,6,G,G,G
351,9,3,6,A,A,A
352,9,3,6,T,T,T
353,9,3,6,G,G,G
354,9,3,6,A,A,A
355,9,3,6,A,A,A
356,9,3,6,G,G,G
357,9,3,6,A,A,A
358,9,3,6,A,A,A
359,9,3,6,G,G,G
360,9,3,6,A,A,A
361,9,3,6,A,A,A
362,9,3,6,A,A,A
363,9,3,6,A,A,A
364,9,3,6,T,T,T
365,8,3,5,G,G,G
366,9,3,6,C,C,C
367,9,3,6,T,T,T
368,9,3,6,G,G,G
369,9,3,6,A,A,A
370,8,3,5,C,C,C
371,9,3,6,A,A,A
372,8,3,5,A,A,A
373,9,3,6,T,T,T
374,9,3,6,A,A,A
375,9,3,6,A,A,A
376,9,3,6,C,C,C
377,9,3,6,A,A,A
378,9,3,6,C,C,C
379,9,3,6,A,A,A
380,9,3,6,A,A,A
381,9,3,6,A,A,A
382,9,3,6,G,G,G
383,9,3,6,G,G,G
384,9,3,6,C,C,C
385,9,3,6,C,C,C
386,9,3,6,A,A,A
387,8,3,5,A,A,A
388,9,3,6,T,T,T
389,9,3,6,G,G,G
390,7,3,4,T,T,T
391,9,3,6,C,C,C
392,7,3,4,A,A,A
393,9,3,6,C,C,C
394,9,3,6,A,A,A
395,9,3,6,A,A,A
396,9,3,6,A,A,A
397,9,3,6,A,A,A
398,9,3,6,C,C,C
399,8,3,5,C,C,C
400,8,3,5,A,A,A
401,9,3,6,A,A,A
402,9,3,6,A,A,A
403,9,3,6,A,A,A
404,7,3,4,A,A,A
405,9,3,6,G,G,G
406,9,3,6,G,G,G
407,9,3,6,T,T,T
408,9,3,6,G,G,G
409,9,3,6,T,T,T
410,8,3,5,A,A,A
411,6,3,3,G,G,A
412,9,3,6,T,T,T
413,9,3,6,G,G,G
414,9,3,6,G,G,G
415,9,3,6,A,A,A
416,9,3,6,A,A,A
417,6,3,3,G,G,A
418,7,3,4,T,T,T
419,9,3,6,A,A,A
420,9,3,6,T,T,T
421,9,3,6,C,C,C
422,9,3,6,T,T,T
423,7,3,4,G,G,G
424,9,3,6,C,C,C
425,9,3,6,T,T,T
426,9,3,6,A,A,A
427,8,3,5,T,T,T
428,9,3,6,G,G,G
429,9,3,6,G,G,G
430,9,3,6,G,G,G
431,8,3,5,A,A,A
432,9,3,6,C,C,C
433,9,3,6,T,T,T
434,8,3,5,A,A,A
435,9,3,6,T,T,T
436,9,3,6,T,T,T
437,9,3,6,G,G,G
438,9,3,6,C,C,C
439,5,3,4,T,T,C
440,9,3,6,G,G,G
441,9,3,6,T,T,T
442,9,3,6,G,G,G
443,9,3,6,A,A,A
444,9,3,6,T,T,T
445,9,3,6,C,C,C
446,5,3,4,G,G,A
447,9,3,6,T,T,T
448,9,3,6,C,C,C
449,9,3,6,T,T,T
450,9,3,6,T,T,T
451,9,3,6,T,T,T
452,9,3,6,T,T,T
453,9,3,6,T,T,T
454,9,3,6,C,C,C
455,7,3,4,T,T,T
456,9,3,6,T,T,T
457,9,3,6,G,G,G
458,9,3,6,A,A,A
459,10,3,7,T,T,T
460,10,3,7,T,T,T
461,10,3,7,G,G,G
462,10,3,7,G,G,G
463,7,3,4,A,A,A
464,10,3,7,T,T,T
465,10,3,7,T,T,T
466,10,3,7,T,T,T
467,10,3,7,A,A,A
468,10,3,7,T,T,T
469,10,3,7,G,G,G
470,10,3,7,A,A,A
471,10,3,7,T,T,T
472,10,3,7,T,T,T
473,10,3,7,G,G,G
474,10,3,7,G,G,G
475,10,3,7,C,C,C
476,10,3,7,T,T,T
477,10,3,7,A,A,A
478,10,3,7,C,C,C
479,10,3,7,T,T,T
480,10,3,7,T,T,T
481,10,3,7,G,G,G
482,10,3,7,G,G,G
483,10,3,7,G,G,G
484,10,3,7,C,C,C
485,10,3,7,T,T,T
486,10,3,7,A,A,A
487,10,3,7,T,T,T
488,10,3,7,T,T,T
489,10,3,7,G,G,G
490,10,3,7,T,T,T
491,10,3,7,A,A,A
492,10,3,7,A,A,A
493,10,3,7,A,A,A
494,8,3,5,G,G,G
495,8,3,5,G,G,G
496,8,3,5,G,G,G
497,9,3,6,G,G,G
498,10,3,7,T,T,T
499,10,3,7,A,A,A
500,10,3,7,G,G,G
501,10,3,7,A,A,A
502,10,3,7,A,A,A
503,10,3,7,C,C,C
504,10,3,7,C,C,C
505,8,3,5,A,A,A
506,10,3,7,A,A,A
507,10,3,7,A,A,A
508,10,3,7,A,A,A
509,10,3,7,A,A,A
510,10,3,7,C,C,C
511,9,3,6,T,T,T
512,8,2,6,G,G,G
513,10,3,7,A,A,A
514,10,3,7,G,G,G
515,10,3,7,T,T,T
516,10,3,7,G,G,G
517,9,3,6,T,T,T
518,8,3,5,G,G,G
519,10,3,7,A,A,A
520,10,3,7,G,G,G
521,9,3,6,A,A,A
522,8,3,5,G,G,G
523,9,3,6,A,A,A
524,10,3,7,C,C,C
525,10,3,7,T,T,T
526,8,2,6,G,G,G
527,10,3,7,G,G,G
528,10,3,7,C,C,C
529,10,3,7,A,A,A
530,10,3,7,G,G,G
531,10,3,7,G,G,G
532,8,3,5,A,A,A
533,9,2,7,A,A,A
534,10,3,7,C,C,C
535,8,3,5,C,C,C
536,10,3,7,G,G,G
537,10,3,7,A,A,A
538,10,3,7,G,G,G
539,10,3,7,T,T,T
540,10,3,7,C,C,C
541,10,3,7,T,T,T
542,10,3,7,C,C,C
543,10,3,7,C,C,C
544,10,3,7,A,A,A
545,10,3,7,G,G,G
546,6,3,4,T,T,C
547,9,3,6,G,G,G
548,9,3,6,A,A,A
549,8,3,5,G,G,G
550,10,3,7,G,G,G
551,10,3,7,G,G,G
552,10,3,7,A,A,A
553,10,3,7,G,G,G
554,8,3,5,G,G,G
555,10,3,7,A,A,A
556,7,3,4,G,G,G
557,10,3,7,C,C,C
558,10,3,7,C,C,C
559,9,3,6,A,A,A
560,10,3,7,G,G,G
561,5,3,5,A,G,A
562,9,3,6,A,A,A
563,10,3,7,G,G,G
564,10,3,7,A,A,A
565,10,3,7,G,G,G
566,8,3,5,G,G,G
567,9,3,6,A,A,A
568,10,3,7,C,C,C
569,9,3,6,T,T,T
570,10,3,7,T,T,T
571,10,3,7,C,C,C
572,10,3,7,C,C,C
573,9,3,6,C,C,C
574,10,3,7,T,T,T
575,10,3,7,G,G,G
576,8,3,5,C,C,C
577,8,3,5,A,A,A
578,10,3,7,G,G,G
579,8,3,5,C,C,C
580,9,3,6,A,A,A
581,9,3,6,C,C,C
582,6,3,6,C,G,C
583,8,3,5,T,T,T
584,10,3,7,C,C,C
585,7,3,4,G,G,G
586,8,3,5,C,C,C
587,10,3,7,T,T,T
588,10,3,7,T,T,T
589,9,3,6,A,A,A
590,10,3,7,T,T,T
591,10,3,7,A,A,A
592,6,3,4,T,T,C
593,10,3,7,T,T,T
594,10,3,7,G,G,G
595,10,3,7,G,G,G
596,10,3,7,G,G,G
597,10,3,7,A,A,A
598,10,3,7,T,T,T
599,10,3,7,G,G,G
600,10,3,7,A,A,A
601,10,3,7,C,C,C
602,10,3,7,C,C,C
603,10,3,7,T,T,T
604,10,3,7,G,G,G
605,10,3,7,A,A,A
606,10,3,7,A,A,A
607,8,3,5,G,G,G
608,10,3,7,A,A,A
609,5,3,5,A,G,A
610,9,2,7,A,A,A
611,10,3,7,A,A,A
612,10,3,7,A,A,A
613,10,3,7,G,G,G
614,10,3,7,T,T,T
615,10,3,7,T,T,T
616,10,3,7,G,G,G
617,10,3,7,T,T,T
618,10,3,7,C,C,C
619,7,2,6,A,G,A
620,10,3,7,G,G,G
621,10,3,7,A,A,A
622,10,3,7,G,G,G
623,10,3,7,A,A,A
624,10,3,7,A,A,A
625,8,2,6,A,A,A
626,10,3,7,C,C,C
627,10,3,7,T,T,T
628,10,3,7,G,G,G
629,10,3,7,G,G,G
630,10,3,7,A,A,A
631,10,3,7,C,C,C
632,10,3,7,A,A,A
633,6,2,5,C,G,C
634,10,3,7,C,C,C
635,10,3,7,A,A,A
636,10,3,7,C,C,C
637,10,3,7,A,A,A
638,10,3,7,G,G,G
639,10,3,7,A,A,A
640,10,3,7,C,C,C
641,10,3,7,T,T,T
642,10,3,7,T,T,T
643,10,3,7,C,C,C
644,10,3,7,A,A,A
645,10,3,7,C,C,C
646,10,3,7,C,C,C
647,7,2,6,A,G,A
648,9,3,6,G,G,G
649,10,3,7,C,C,C
650,10,3,7,A,A,A
651,10,3,7,C,C,C
652,10,3,7,C,C,C
653,10,3,7,A,A,A
654,10,3,7,T,T,T
655,10,3,7,C,C,C
656,10,3,7,A,A,A
657,9,3,6,A,A,A
658,10,3,7,G,G,G
659,10,3,7,C,C,C
660,10,3,7,T,T,T
661,10,3,7,G,G,G
662,10,3,7,C,C,C
663,10,3,7,T,T,T
664,10,3,7,G,G,G
665,10,3,7,A,A,A
666,10,3,7,A,A,A
667,10,3,7,T,T,T
668,10,3,7,G,G,G
669,10,3,7,A,A,A
670,10,3,7,A,A,A
671,10,3,7,A,A,A
672,10,3,7,A,A,A
673,10,3,7,T,T,T
674,9,3,6,T,T,T
675,8,3,5,C,C,C
676,9,3,6,A,A,A
677,10,3,7,T,T,T
678,10,3,7,A,A,A
679,10,3,7,T,T,T
680,10,3,7,G,G,G
681,10,3,7,T,T,T
682,9,3,6,C,C,C
683,10,3,7,C,C,C
684,10,3,7,C,C,C
685,10,3,7,T,T,T
686,10,3,7,C,C,C
687,10,3,7,G,G,G
688,10,3,7,T,T,T
689,10,3,7,G,G,G
690,10,3,7,A,A,A
691,10,3,7,G,G,G
692,10,3,7,G,G,G
693,10,3,7,C,C,C
694,10,3,7,T,T,T
695,10,3,7,G,G,G
696,10,3,7,G,G,G
697,10,3,7,A,A,A
698,10,3,7,T,T,T
699,10,3,7,C,C,C
700,10,3,7,T,T,T
701,10,3,7,C,C,C
702,10,3,7,A,A,A
703,9,3,6,A,A,A
704,10,3,7,A,A,A
705,10,3,7,A,A,A
706,10,3,7,A,A,A
707,10,3,7,G,G,G
708,10,3,7,A,A,A
709,10,3,7,T,T,T
710,10,3,7,G,G,G
711,10,3,7,A,A,A
712,10,3,7,A,A,A
713,10,3,7,A,A,A
714,10,3,7,A,A,A
715,10,3,7,T,T,T
716,10,3,7,C,C,C
717,10,3,7,T,T,T
718,10,3,7,T,T,T
719,10,3,7,G,G,G
720,10,3,7,C,C,C
721,7,3,4,G,G,G
722,10,3,7,T,T,T
723,8,3,5,T,T,T
724,10,3,7,G,G,G
725,10,3,7,T,T,T
726,10,3,7,A,A,A
727,10,3,7,T,T,T
728,5,3,5,A,G,A
729,10,3,7,T,T,T
730,10,3,7,T,T,T
731,10,3,7,G,G,G
732,10,3,7,A,A,A
733,10,3,7,A,A,A
734,10,3,7,A,A,A
735,10,3,7,A,A,A
736,10,3,7,T,T,T
737,10,3,7,C,C,C
738,10,3,7,A,A,A
739,9,3,6,A,A,A
740,10,3,7,T,T,T
741,10,3,7,T,T,T
742,9,3,6,T,T,T
743,10,3,7,C,C,C
744,10,3,7,G,G,G
745,10,3,7,T,T,T
746,10,3,7,G,G,G
747,10,3,7,A,A,A
748,10,3,7,A,A,A
749,10,3,7,T,T,T
750,8,3,5,T,T,T
751,10,3,7,T,T,T
752,10,3,7,A,A,A
753,10,3,7,A,A,A
754,10,3,7,A,A,A
755,10,3,7,C,C,C
756,10,3,7,T,T,T
757,8,3,5,C,C,C
758,10,3,7,A,A,A
759,10,3,7,G,G,G
760,10,3,7,C,C,C
761,10,3,7,A,A,A
762,9,3,6,A,A,A
763,9,3,6,A,A,A
764,10,3,7,G,G,G
765,10,3,7,T,T,T
766,10,3,7,C,C,C
767,10,3,7,T,T,T
768,10,3,7,G,G,G
769,10,3,7,G,G,G
770,10,3,7,C,C,C
771,9,3,6,G,G,G
772,10,3,7,T,T,T
773,10,3,7,G,G,G
774,10,3,7,A,A,A
775,10,3,7,T,T,T
776,8,3,5,C,C,C
777,10,3,7,A,A,A
778,9,3,6,A,A,A
779,10,3,7,C,C,C
780,10,3,7,A,A,A
781,10,3,7,T,T,T
782,10,3,7,T,T,T
783,10,3,7,T,T,T
784,10,3,7,T,T,T
785,10,3,7,G,G,G
786,10,3,7,T,T,T
787,10,3,7,T,T,T
788,10,3,7,A,A,A
789,10,3,7,A,A,A
790,10,3,7,G,G,G
791,10,3,7,A,A,A
792,10,3,7,T,T,T
793,10,3,7,T,T,T
794,10,3,7,C,C,C
795,10,3,7,A,A,A
796,10,3,7,G,G,G
797,10,3,7,G,G,G
798,10,3,7,T,T,T
799,10,3,7,C,C,C
800,10,3,7,A,A,A
801,9,3,6,A,A,A
802,8,3,5,A,A,A
803,9,3,6,G,G,G
804,10,3,7,A,A,A
805,1,0,1,C,,C
806,1,0,1,T,,T
807,1,0,1,C,,C
808,1,0,1,T,,T
809,1,0,1,A,,A
810,1,0,1,T,,T
811,1,0,1,T,,T
812,1,0,1,T,,T
813,1,0,1,T,,T
814,10,3,7,C,C,C
815,10,3,7,A,A,A
816,10,3,7,G,G,G
817,6,2,5,T,C,T
818,10,3,7,G,G,G
819,10,3,7,C,C,C
820,10,3,7,T,T,T
821,10,3,7,C,C,C
822,10,3,7,A,A,A
823,9,3,6,A,A,A
824,10,3,7,A,A,A
825,10,3,7,A,A,A
826,10,3,7,C,C,C
827,10,3,7,T,T,T
828,9,3,6,C,C,C
829,8,3,5,G,G,G
830,10,3,7,G,G,G
831,10,3,7,T,T,T
832,10,3,7,G,G,G
833,10,3,7,A,A,A
834,8,3,5,T,T,T
835,10,3,7,C,C,C
836,10,3,7,A,A,A
837,10,3,7,T,T,T
838,10,3,7,A,A,A
839,8,3,5,G,G,G
840,8,3,5,T,T,T
841,10,3,7,T,T,T
842,10,3,7,G,G,G
843,8,3,5,A,A,A
844,10,3,7,T,T,T
845,1,0,1,A,,A
846,1,0,1,A,,A
847,1,0,1,G,,G
848,1,0,1,A,,A
849,1,0,1,A,,A
850,1,0,1,C,,C
851,10,3,7,A,A,A
852,8,3,5,A,A,A
853,10,3,7,G,G,G
854,10,3,7,A,A,A
855,10,3,7,A,A,A
856,7,3,4,C,C,C
857,9,3,6,G,G,G
858,10,3,7,G,G,G
859,10,3,7,T,T,T
860,5,3,5,A,A,G
861,8,3,5,G,G,G
862,8,2,6,A,A,A
863,8,3,5,C,C,C
864,10,3,7,T,T,T
865,10,3,7,T,T,T
866,10,3,7,G,G,G
867,10,3,7,T,T,T
868,10,3,7,T,T,T
869,10,3,7,T,T,T
870,10,3,7,A,A,A
871,10,3,7,C,C,C
872,10,3,7,C,C,C
873,10,3,7,T,T,T
874,10,3,7,G,G,G
875,10,3,7,G,G,G
876,10,3,7,T,T,T
877,10,3,7,G,G,G
878,10,3,7,G,G,G
879,10,3,7,A,A,A
880,10,3,7,G,G,G
881,10,3,7,A,A,A
882,10,3,7,A,A,A
883,10,3,7,T,T,T
884,10,3,7,C,C,C
885,10,3,7,C,C,C
886,10,3,7,T,T,T
887,10,3,7,G,G,G
888,10,3,7,G,G,G
889,8,3,5,G,G,G
890,9,3,6,G,G,G
891,10,3,7,G,G,G
892,10,3,7,T,T,T
893,10,3,7,T,T,T
894,10,3,7,A,A,A
895,10,3,7,T,T,T
896,10,3,7,G,G,G
897,10,3,7,T,T,T
898,9,3,6,G,G,G
899,10,3,7,G,G,G
900,10,3,7,C,C,C
901,6,3,4,G,G,A
902,10,3,7,T,T,T
903,10,3,7,A,A,A
904,9,3,6,T,T,T
905,10,3,7,A,A,A
906,10,3,7,G,G,G
907,10,3,7,T,T,T
908,8,3,5,A,A,A
909,10,3,7,A,A,A
910,10,3,7,G,G,G
911,8,3,5,G,G,G
912,8,3,5,C,C,C
913,8,3,5,T,T,T
914,10,3,7,G,G,G
915,10,3,7,C,C,C
916,10,3,7,A,A,A
917,10,3,7,A,A,A
918,10,3,7,C,C,C
919,10,3,7,A,A,A
920,10,3,7,G,G,G
921,10,3,7,T,T,T
922,10,3,7,T,T,T
923,10,3,7,A,A,A
924,10,3,7,C,C,C
925,10,3,7,T,T,T
926,10,3,7,G,G,G
927,10,3,7,G,G,G
928,10,3,7,T,T,T
929,10,3,7,A,A,A
930,10,3,7,A,A,A
931,10,3,7,A,A,A
932,10,3,7,C,C,C
933,10,3,7,T,T,T
934,10,3,7,G,G,G
935,10,3,7,G,G,G
936,10,3,7,T,T,T
937,10,3,7,C,C,C
938,10,3,7,C,C,C
939,10,3,7,A,A,A
940,10,3,7,T,T,T
941,10,3,7,G,G,G
942,10,3,7,C,C,C
943,10,3,7,T,T,T
944,10,3,7,A,A,A
945,10,3,7,A,A,A
946,10,3,7,T,T,T
947,10,3,7,T,T,T
948,10,3,7,T,T,T
949,10,3,7,T,T,T
950,10,3,7,G,G,G
951,10,3,7,G,G,G
952,10,3,7,T,T,T
953,10,3,7,A,A,A
954,10,3,7,C,C,C
955,10,3,7,T,T,T
956,8,3,5,A,A,A
957,10,3,7,A,A,A
958,10,3,7,A,A,A
959,10,3,7,A,A,A
960,10,3,7,A,A,A
961,10,3,7,A,A,A
962,10,3,7,G,G,G
963,10,3,7,A,A,A
964,7,3,4,T,T,T
965,10,3,7,T,T,T
966,10,3,7,T,T,T
967,10,3,7,T,T,T
968,10,3,7,G,G,G
969,10,3,7,A,A,A
970,10,3,7,G,G,G
971,9,3,6,G,G,G
972,10,3,7,A,A,A
973,10,3,7,T,T,T
974,10,3,7,T,T,T
975,10,3,7,T,T,T
976,10,3,7,A,A,A
977,7,1,6,G,C,G
978,10,3,7,A,A,A
979,10,3,7,C,C,C
980,5,3,5,A,A,T
981,10,3,7,C,C,C
982,10,3,7,T,T,T
983,10,3,7,C,C,C
984,10,3,7,C,C,C
985,10,3,7,T,T,T
986,10,3,7,G,G,G
987,10,3,7,T,T,T
988,10,3,7,G,G,G
989,10,3,7,A,A,A
990,10,3,7,A,A,A
991,10,3,7,T,T,T
992,10,3,7,G,G,G
993,10,3,7,G,G,G
994,10,3,7,A,A,A
995,10,3,7,T,T,T
996,10,3,7,C,C,C
997,10,3,7,T,T,T
998,9,3,6,A,A,A
999,10,3,7,T,T,T
1000,10,3,7,A,A,A
1001,10,3,7,G,G,G
1002,10,3,7,T,T,T
1003,10,3,7,G,G,G
1004,10,3,7,A,A,A
1005,10,3,7,T,T,T
1006,10,3,7,T,T,T
1007,10,3,7,G,G,G
1008,10,3,7,T,T,T
1009,10,3,7,C,C,C
1010,10,3,7,A,A,A
1011,10,3,7,G,G,G
1012,10,3,7,A,A,A
1013,10,3,7,G,G,G
1014,10,3,7,C,C,C
1015,10,3,7,A,A,A
1016,10,3,7,G,G,G
1017,10,3,7,G,G,G
1018,6,3,4,G,G,A
1019,10,3,7,A,A,A
1020,10,3,7,A,A,A
1021,10,3,7,A,A,A
1022,10,3,7,A,A,A
1023,10,3,7,T,T,T
1024,10,3,7,C,C,C
1025,10,3,7,A,A,A
1026,10,3,7,C,C,C
1027,10,3,7,C,C,C
1028,10,3,7,T,T,T
1029,10,3,7,T,T,T
1030,10,3,7,T,T,T
1031,10,3,7,G,G,G
1032,10,3,7,C,C,C
1033,10,3,7,A,A,A
1034,10,3,7,G,G,G
1035,10,3,7,A,A,A
1036,10,3,7,A,A,A
1037,10,3,7,A,A,A
1038,10,3,7,A,A,A
1039,10,3,7,G,G,G
1040,10,3,7,G,G,G
1041,10,3,7,T,T,T
1042,10,3,7,T,T,T
1043,10,3,7,G,G,G
1044,10,3,7,C,C,C
1045,10,3,7,A,A,A
1046,10,3,7,A,A,A
1047,10,3,7,A,A,A
1048,10,3,7,T,T,T
1049,10,3,7,G,G,G
1050,10,3,7,C,C,C
1051,9,2,7,T,T,T
1052,9,3,6,G,G,G
1053,10,3,7,A,A,A
1054,10,3,7,A,A,A
1055,10,3,7,A,A,A
1056,10,3,7,G,G,G
1057,10,3,7,C,C,C
1058,10,3,7,T,T,T
1059,8,3,5,T,T,T
1060,10,3,7,A,A,A
1061,10,3,7,A,A,A
1062,10,3,7,A,A,A
1063,10,3,7,T,T,T
1064,10,3,7,G,G,G
1065,10,3,7,C,C,C
1066,10,3,7,A,A,A
1067,10,3,7,A,A,A
1068,9,3,6,T,T,T
1069,10,3,7,T,T,T
1070,10,3,7,G,G,G
1071,10,3,7,G,G,G
1072,10,3,7,T,T,T
1073,10,3,7,G,G,G
1074,10,3,7,T,T,T
1075,6,3,6,C,G,C
1076,10,3,7,T,T,T
1077,10,3,7,T,T,T
1078,10,3,7,G,G,G
1079,10,3,7,A,A,A
1080,10,3,7,T,T,T
1081,10,3,7,A,A,A
1082,10,3,7,T,T,T
1083,10,3,7,A,A,A
1084,7,3,4,C,C,C
1085,10,3,7,A,A,A
1086,10,3,7,T,T,T
1087,10,3,7,G,G,G
1088,10,3,7,G,G,G
1089,10,3,7,A,A,A
1090,10,3,7,C,C,C
1091,8,3,5,C,C,C
1092,7,3,4,A,A,A
1093,10,3,7,G,G,G
1094,10,3,7,A,A,A
1095,10,3,7,C,C,C
1096,10,3,7,T,T,T
1097,10,3,7,A,A,A
1098,10,3,7,A,A,A
1099,10,3,7,A,A,A
1100,10,3,7,T,T,T
1101,10,3,7,T,T,T
1102,10,3,7,T,T,T
1103,10,3,7,C,C,C
1104,10,3,7,C,C,C
1105,10,3,7,C,C,C
1106,10,3,7,A,A,A
1107,10,3,7,T,T,T
1108,10,3,7,T,T,T
1109,10,3,7,G,G,G
1110,10,3,7,T,T,T
1111,10,3,7,T,T,T
1112,10,3,7,A,A,A
1113,10,3,7,A,A,A
1114,5,3,3,C,C,G
1115,10,3,7,G,G,G
1116,10,3,7,C,C,C
1117,10,3,7,A,A,A
1118,10,3,7,G,G,G
1119,10,3,7,A,A,A
1120,5,3,5,A,A,C
1121,8,3,5,C,C,C
1122,10,3,7,T,T,T
1123,10,3,7,T,T,T
1124,10,3,7,T,T,T
1125,10,3,7,C,C,C
1126,10,3,7,A,A,A
1127,10,3,7,T,T,T
1128,10,3,7,T,T,T
1129,10,3,7,C,C,C
1130,10,3,7,T,T,T
1131,10,3,7,T,T,T
1132,9,3,6,T,T,T
1133,10,3,7,G,G,G
1134,10,3,7,G,G,G
1135,9,3,6,A,A,A
1136,10,3,7,C,C,C
1137,10,3,7,A,A,A
1138,10,3,7,T,T,T
1139,10,3,7,G,G,G
1140,10,3,7,C,C,C
1141,10,3,7,T,T,T
1142,10,3,7,C,C,C
1143,10,3,7,A,A,A
1144,10,3,7,T,T,T
1145,10,3,7,C,C,C
1146,10,3,7,T,T,T
1147,10,3,7,G,G,G
1148,10,3,7,G,G,G
1149,10,3,7,G,G,G
1150,5,3,5,A,G,A
1151,10,3,7,A,A,A
1152,10,3,7,C,C,C
1153,10,3,7,A,A,A
1154,10,3,7,G,G,G
1155,10,3,7,G,G,G
1156,8,3,5,T,T,T
1157,10,3,7,G,G,G
1158,10,3,7,A,A,A
1159,10,3,7,C,C,C
1160,10,3,7,C,C,C
1161,10,3,7,C,C,C
1162,8,3,5,T,T,T
1163,10,3,7,T,T,T
1164,10,3,7,A,A,A
1165,10,3,7,C,C,C
1166,10,3,7,A,A,A
1167,10,3,7,C,C,C
1168,10,3,7,A,A,A
1169,10,3,7,C,C,C
1170,10,3,7,C,C,C
1171,10,3,7,T,T,T
1172,10,3,7,G,G,G
1173,10,3,7,G,G,G
1174,10,3,7,A,A,A
1175,10,3,7,T,T,T
1176,10,3,7,T,T,T
1177,10,3,7,C,C,C
1178,10,3,7,C,C,C
1179,10,3,7,C,C,C
1180,10,3,7,T,T,T
1181,10,3,7,T,T,T
1182,10,3,7,C,C,C
1183,9,3,6,C,C,C
1184,10,3,7,T,T,T
1185,10,3,7,T,T,T
1186,10,3,7,C,C,C
1187,10,3,7,A,A,A
1188,10,3,7,A,A,A
1189,10,3,7,T,T,T
1190,10,3,7,C,C,C
1191,10,3,7,A,A,A
1192,10,3,7,C,C,C
1193,10,3,7,A,A,A
1194,10,3,7,C,C,C
1195,9,3,6,T,T,T
1196,10,3,7,C,C,C
1197,10,3,7,A,A,A
1198,10,3,7,G,G,G
1199,10,3,7,T,T,T
1200,10,3,7,T,T,T
1201,10,3,7,T,T,T
1202,10,3,7,C,C,C
1203,10,3,7,C,C,C
1204,10,3,7,A,A,A
1205,10,3,7,C,C,C
1206,10,3,7,C,C,C
1207,8,3,5,A,A,A
1208,10,3,7,T,T,T
1209,10,3,7,C,C,C
1210,10,3,7,T,T,T
1211,10,3,7,C,C,C
1212,7,3,4,G,G,G
1213,10,3,7,G,G,G
1214,10,3,7,T,T,T
1215,10,3,7,C,C,C
1216,5,3,3,A,A,G
1217,10,3,7,T,T,T
1218,10,3,7,C,C,C
1219,10,3,7,A,A,A
1220,10,3,7,G,G,G
1221,10,3,7,G,G,G
1222,10,3,7,A,A,A
1223,10,3,7,T,T,T
1224,10,3,7,T,T,T
1225,10,3,7,G,G,G
1226,10,3,7,C,C,C
1227,10,3,7,C,C,C
1228,10,3,7,T,T,T
1229,10,3,7,A,A,A
1230,10,3,7,A,A,A
1231,10,3,7,T,T,T
1232,10,3,7,A,A,A
1233,10,3,7,T,T,T
1234,10,3,7,A,A,A
1235,10,3,7,C,C,C
1236,10,3,7,C,C,C
1237,8,3,5,T,T,T
1238,10,3,7,G,G,G
1239,10,3,7,T,T,T
1240,10,3,7,C,C,C
1241,10,3,7,C,C,C
1242,10,3,7,A,A,A
1243,6,3,4,G,G,A
1244,10,3,7,A,A,A
1245,10,3,7,C,C,C
1246,5,3,5,A,A,G
1247,8,2,6,A,A,A
1248,10,3,7,T,T,T
1249,10,3,7,C,C,C
1250,10,3,7,T,T,T
1251,10,3,7,C,C,C
1252,10,3,7,C,C,C
1253,10,3,7,A,A,A
1254,10,3,7,G,G,G
1255,10,3,7,A,A,A
1256,10,3,7,G,G,G
1257,10,3,7,C,C,C
1258,10,3,7,T,T,T
1259,10,3,7,G,G,G
1260,10,3,7,C,C,C
1261,10,3,7,T,T,T
1262,10,3,7,G,G,G
1263,10,3,7,C,C,C
1264,9,3,6,A,A,A
1265,10,3,7,G,G,G
1266,10,3,7,A,A,A
1267,10,3,7,A,A,A
1268,10,3,7,A,A,A
1269,8,3,5,A,A,A
1270,10,3,7,G,G,G
1271,10,3,7,C,C,C
1272,10,3,7,T,T,T
1273,10,3,7,G,G,G
1274,10,3,7,T,T,T
1275,10,3,7,T,T,T
1276,10,3,7,T,T,T
1277,10,3,7,G,G,G
1278,8,3,5,G,G,G
1279,5,3,5,A,G,A
1280,10,3,7,A,A,A
1281,10,3,7,A,A,A
1282,10,3,7,T,T,T
1283,10,3,7,A,A,A
1284,10,3,7,T,T,T
1285,10,3,7,G,G,G
1286,10,3,7,G,G,G
1287,10,3,7,A,A,A
1288,7,3,4,A,A,A
1289,10,3,7,G,G,G
1290,10,3,7,G,G,G
1291,10,3,7,A,A,A
1292,10,3,7,G,G,G
1293,10,3,7,A,A,A
1294,10,3,7,C,C,C
1295,10,3,7,T,T,T
1296,10,3,7,G,G,G
1297,10,3,7,T,T,T
1298,10,3,7,C,C,C
1299,10,3,7,C,C,C
1300,8,3,5,C,C,C
1301,8,3,5,T,T,T
1302,10,3,7,C,C,C
1303,10,3,7,T,T,T
1304,10,3,7,G,G,G
1305,10,3,7,A,A,A
1306,10,3,7,C,C,C
1307,10,3,7,T,T,T
1308,10,3,7,G,G,G
1309,10,3,7,G,G,G
1310,10,3,7,A,A,A
1311,9,3,6,A,A,A
1312,10,3,7,A,A,A
1313,10,3,7,A,A,A
1314,10,3,7,C,C,C
1315,8,3,5,A,A,A
1316,10,3,7,G,G,G
1317,10,3,7,A,A,A
1318,10,3,7,C,C,C
1319,10,3,7,T,T,T
1320,10,3,7,C,C,C
1321,10,3,7,T,T,T
1322,8,3,5,A,A,A
1323,10,3,7,C,C,C
1324,7,3,4,A,A,A
1325,10,3,7,T,T,T
1326,10,3,7,G,G,G
1327,8,3,5,T,T,T
1328,10,3,7,A,A,A
1329,7,3,4,G,G,G
1330,9,3,6,G,G,G
1331,10,3,7,A,A,A
1332,10,3,7,T,T,T
1333,10,3,7,G,G,G
1334,10,3,7,G,G,G
1335,10,3,7,T,T,T
1336,10,3,7,A,A,A
1337,10,3,7,A,A,A
1338,10,3,7,C,C,C
1339,10,3,7,C,C,C
1340,10,3,7,T,T,T
1341,10,3,7,C,C,C
1342,7,3,4,A,A,A
1343,8,3,5,G,G,G
1344,9,3,6,A,A,A
1345,10,3,7,A,A,A
1346,10,3,7,A,A,A
1347,5,3,5,A,G,A
1348,10,3,7,C,C,C
1349,10,3,7,A,A,A
1350,10,3,7,A,A,A
1351,9,3,6,G,G,G
1352,10,3,7,A,A,A
1353,5,3,5,A,A,G
1354,9,3,6,T,T,T
1355,10,3,7,G,G,G
1356,10,3,7,T,T,T
1357,10,3,7,G,G,G
1358,10,3,7,A,A,A
1359,10,3,7,A,A,A
1360,10,3,7,G,G,G
1361,10,3,7,C,C,C
1362,10,3,7,T,T,T
1363,10,3,7,C,C,C
1364,8,3,5,A,A,A
1365,10,3,7,C,C,C
1366,7,3,4,T,T,T
1367,10,3,7,G,G,G
1368,10,3,7,T,T,T
1369,9,3,6,G,G,G
1370,10,3,7,A,A,A
1371,10,3,7,G,G,G
1372,10,3,7,C,C,C
1373,10,3,7,A,A,A
1374,10,3,7,A,A,A
1375,10,3,7,T,T,T
1376,10,3,7,G,G,G
1377,10,3,7,T,T,T
1378,10,3,7,G,G,G
1379,8,3,5,C,C,C
1380,10,3,7,T,T,T
1381,10,3,7,G,G,G
1382,10,3,7,A,A,A
1383,10,3,7,A,A,A
1384,10,3,7,A,A,A
1385,10,3,7,G,G,G
1386,10,3,7,A,A,A
1387,10,3,7,G,G,G
1388,10,3,7,A,A,A
1389,7,3,4,T,T,T
1390,10,3,7,A,A,A
1391,10,3,7,A,A,A
1392,10,3,7,A,A,A
1393,10,3,7,A,A,A
1394,10,3,7,A,A,A
1395,10,3,7,T,T,T
1396,10,3,7,T,T,T
1397,10,3,7,C,C,C
1398,10,3,7,T,T,T
1399,10,3,7,T,T,T
1400,10,3,7,A,A,A
1401,10,3,7,A,A,A
1402,10,3,7,C,C,C
1403,10,3,7,A,A,A
1404,10,3,7,T,T,T
1405,10,3,7,C,C,C
1406,10,3,7,T,T,T
1407,10,3,7,T,T,T
1408,10,3,7,T,T,T
1409,10,3,7,G,G,G
1410,10,3,7,G,G,G
1411,10,3,7,A,A,A
1412,10,3,7,G,G,G
1413,10,3,7,T,T,T
1414,10,3,7,T,T,T
1415,10,3,7,A,A,A
1416,10,3,7,T,T,T
1417,10,3,7,T,T,T
1418,10,3,7,A,A,A
1419,10,3,7,A,A,A
1420,10,3,7,A,A,A
1421,10,3,7,G,G,G
1422,10,3,7,G,G,G
1423,10,3,7,C,C,C
1424,10,3,7,T,T,T
1425,10,3,7,T,T,T
1426,8,3,5,T,T,T
1427,10,3,7,G,G,G
1428,10,3,7,T,T,T
1429,10,3,7,A,A,A
1430,10,3,7,G,G,G
1431,10,3,7,A,A,A
1432,10,3,7,A,A,A
1433,10,3,7,C,C,C
1434,10,3,7,C,C,C
1435,10,3,7,A,A,A
1436,10,3,7,G,G,G
1437,9,3,6,A,A,A
1438,10,3,7,T,T,T
1439,10,3,7,C,C,C
1440,9,3,6,A,A,A
1441,9,3,6,C,C,C
1442,9,3,6,T,T,T
1443,9,3,6,A,A,A
1444,8,2,6,T,T,T
1445,9,3,6,G,G,G
1446,9,3,6,T,T,T
1447,9,3,6,T,T,T
1448,8,3,5,G,G,G
1449,9,3,6,T,T,T
1450,7,3,4,A,A,A
1451,9,3,6,G,G,G
1452,9,3,6,T,T,T
1453,9,3,6,T,T,T
1454,10,3,7,G,G,G
1455,10,3,7,G,G,G
1456,9,3,6,G,G,G
1457,9,3,6,G,G,G
1458,10,3,7,C,C,C
1459,9,3,6,C,C,C
1460,10,3,7,C,C,C
1461,10,3,7,A,A,A
1462,9,3,6,G,G,G
1463,9,3,6,A,A,A
1464,10,3,7,G,G,G
1465,10,3,7,A,A,A
1466,9,3,6,G,G,G
1467,10,3,7,A,A,A
1468,9,3,6,T,T,T
1469,8,3,5,G,G,G
1470,9,3,6,C,C,C
1471,5,3,3,A,A,G
1472,9,3,6,T,T,T
1473,9,3,6,G,G,G
1474,9,3,6,G,G,G
1475,9,3,6,G,G,G
1476,9,3,6,G,G,G
1477,8,3,5,C,C,C
1478,9,3,6,C,C,C
1479,9,3,6,C,C,C
1480,6,3,3,T,T,C
1481,9,3,6,G,G,G
1482,9,3,6,G,G,G
1483,9,3,6,A,A,A
1484,9,3,6,G,G,G
1485,9,3,6,C,C,C
1486,10,3,7,T,T,T
1487,10,3,7,G,G,G
1488,9,3,6,C,C,C
1489,10,3,7,A,A,A
1490,10,3,7,A,A,A
1491,10,3,7,A,A,A
1492,9,3,6,A,A,A
1493,9,3,6,T,T,T
1494,9,3,6,C,C,C
1495,9,3,6,C,C,C
1496,5,3,5,A,G,A
1497,9,3,6,G,G,G
1498,9,3,6,T,T,T
1499,9,3,6,G,G,G
1500,9,3,6,T,T,T
1501,6,3,3,A,A,A
1502,9,3,6,G,G,G
1503,9,3,6,G,G,G
1504,5,3,3,C,C,G
1505,9,3,6,A,A,A
1506,9,3,6,C,C,C
1507,9,3,6,A,A,A
1508,10,3,7,G,G,G
1509,10,3,7,C,C,C
1510,10,3,7,T,T,T
1511,9,3,6,C,C,C
1512,9,3,6,T,T,T
1513,10,3,7,C,C,C
1514,9,3,6,C,C,C
1515,10,3,7,T,T,T
1516,6,3,3,A,A,A
1517,9,3,6,T,T,T
1518,9,3,6,T,T,T
1519,9,3,6,G,G,G
1520,9,3,6,A,A,A
1521,9,3,6,A,A,A
1522,9,3,6,A,A,A
1523,9,3,6,C,C,C
1524,9,3,6,T,T,T
1525,9,3,6,T,T,T
1526,9,3,6,G,G,G
1527,9,3,6,C,C,C
1528,8,3,5,C,C,C
1529,9,3,6,C,C,C
1530,9,3,6,A,A,A
1531,9,3,6,G,G,G
1532,9,3,6,A,A,A
1533,8,3,5,T,T,T
1534,9,3,6,G,G,G
1535,10,3,7,T,T,T
1536,10,3,7,T,T,T
1537,10,3,7,C,C,C
1538,10,3,7,T,T,T
1539,10,3,7,C,C,C
1540,9,3,6,A,A,A
1541,9,3,6,G,G,G
1542,8,2,6,A,A,A
1543,9,3,6,T,T,T
1544,9,3,6,A,A,A
1545,9,3,6,T,T,T
1546,9,3,6,G,G,G
1547,9,3,6,G,G,G
1548,9,3,6,T,T,T
1549,9,3,6,C,C,C
1550,9,3,6,T,T,T
1551,10,3,7,T,T,T
1552,9,3,6,A,A,A
1553,9,3,6,A,A,A
1554,9,3,6,A,A,A
1555,10,3,7,A,A,A
1556,10,3,7,G,G,G
1557,10,3,7,A,A,A
1558,10,3,7,T,T,T
1559,10,3,7,G,G,G
1560,10,3,7,G,G,G
1561,10,3,7,G,G,G
1562,10,3,7,T,T,T
1563,10,3,7,T,T,T
1564,9,3,6,T,T,T
1565,10,3,7,C,C,C
1566,9,3,6,A,A,A
1567,10,3,7,G,G,G
1568,10,3,7,C,C,C
1569,10,3,7,C,C,C
1570,10,3,7,C,C,C
1571,10,3,7,A,A,A
1572,10,3,7,G,G,G
1573,10,3,7,C,C,C
1574,10,3,7,A,A,A
1575,10,3,7,G,G,G
1576,9,3,6,A,A,A
1577,10,3,7,A,A,A
1578,10,3,7,G,G,G
1579,10,3,7,C,C,C
1580,10,3,7,A,A,A
1581,10,3,7,T,T,T
1582,10,3,7,T,T,T
1583,8,3,5,A,A,A
1584,10,3,7,T,T,T
1585,8,3,5,C,C,C
1586,10,3,7,T,T,T
1587,10,3,7,T,T,T
1588,10,3,7,T,T,T
1589,10,3,7,G,G,G
1590,10,3,7,C,C,C
1591,10,3,7,C,C,C
1592,10,3,7,A,A,A
1593,10,3,7,G,G,G
1594,10,3,7,T,T,T
1595,10,3,7,T,T,T
1596,10,3,7,G,G,G
1597,10,3,7,G,G,G
1598,10,3,7,A,A,A
1599,10,3,7,G,G,G
1600,10,3,7,T,T,T
1601,10,3,7,G,G,G
1602,10,3,7,C,C,C
1603,10,3,7,T,T,T
1604,10,3,7,G,G,G
1605,10,3,7,G,G,G
1606,10,3,7,A,A,A
1607,10,3,7,G,G,G
1608,10,3,7,A,A,A
1609,10,3,7,C,C,C
1610,10,3,7,T,T,T
1611,10,3,7,T,T,T
1612,10,3,7,T,T,T
1613,10,3,7,G,G,G
1614,10,3,7,G,G,G
1615,10,3,7,A,A,A
1616,10,3,7,T,T,T
1617,10,3,7,C,C,C
1618,8,2,6,G,G,G
1619,10,3,7,G,G,G
1620,10,3,7,T,T,T
1621,10,3,7,T,T,T
1622,10,3,7,G,G,G
1623,10,3,7,G,G,G
1624,10,3,7,T,T,T
1625,10,3,7,G,G,G
1626,10,3,7,C,C,C
1627,10,3,7,C,C,C
1628,10,3,7,A,A,A
1629,10,3,7,C,C,C
1630,10,3,7,T,T,T
1631,10,3,7,G,G,G
1632,10,3,7,A,A,A
1633,10,3,7,A,A,A
1634,10,3,7,T,T,T
1635,10,3,7,G,G,G
1636,10,3,7,G,G,G
1637,10,3,7,C,C,C
1638,10,3,7,T,T,T
1639,9,2,7,A,A,A
1640,10,3,7,G,G,G
1641,10,3,7,A,A,A
1642,10,3,7,G,G,G
1643,10,3,7,G,G,G
1644,10,3,7,G,G,G
1645,10,3,7,A,A,A
1646,10,3,7,T,T,T
1647,10,3,7,A,A,A
1648,10,3,7,C,C,C
1649,10,3,7,C,C,C
1650,10,3,7,T,T,T
1651,10,3,7,T,T,T
1652,10,3,7,T,T,T
1653,10,3,7,C,C,C
1654,7,3,4,G,G,G
1655,10,3,7,T,T,T
1656,10,3,7,C,C,C
1657,10,3,7,C,C,C
1658,5,3,5,C,C,T
1659,10,3,7,T,T,T
1660,10,3,7,G,G,G
1661,10,3,7,C,C,C
1662,10,3,7,A,A,A
1663,10,3,7,T,T,T
1664,10,3,7,T,T,T
1665,10,3,7,T,T,T
1666,10,3,7,A,A,A
1667,10,3,7,A,A,A
1668,10,3,7,A,A,A
1669,10,3,7,G,G,G
1670,10,3,7,G,G,G
1671,10,3,7,C,C,C
1672,10,3,7,T,T,T
1673,10,3,7,T,T,T
1674,10,3,7,T,T,T
1675,10,3,7,C,C,C
1676,10,3,7,A,A,A
1677,10,3,7,C,C,C
1678,10,3,7,T,T,T
1679,10,3,7,T,T,T
1680,10,3,7,A,A,A
1681,7,2,5,T,T,T
1682,10,3,7,A,A,A
1683,10,3,7,T,T,T
1684,10,3,7,T,T,T
1685,10,3,7,A,A,A
1686,10,3,7,A,A,A
1687,10,3,7,T,T,T
1688,10,3,7,C,C,C
1689,10,3,7,T,T,T
1690,10,3,7,G,G,G
1691,10,3,7,G,G,G
1692,10,3,7,A,A,A
1693,10,3,7,T,T,T
1694,10,3,7,A,A,A
1695,10,3,7,A,A,A
1696,10,3,7,A,A,A
1697,10,3,7,G,G,G
1698,10,3,7,C,C,C
1699,7,3,4,G,G,G
1700,10,3,7,G,G,G
1701,10,3,7,T,T,T
1702,7,3,4,T,T,T
1703,10,3,7,C,C,C
1704,10,3,7,T,T,T
1705,10,3,7,T,T,T
1706,10,3,7,G,G,G
1707,10,3,7,G,G,G
1708,10,3,7,T,T,T
1709,10,3,7,A,A,A
1710,9,3,6,C,C,C
1711,9,3,6,C,C,C
1712,9,3,6,A,A,A
1713,9,3,6,G,G,G
1714,8,3,5,C,C,C
1715,8,3,5,A,A,A
1716,9,3,6,A,A,A
1717,9,3,6,C,C,C
1718,9,3,6,T,T,T
1719,9,3,6,T,T,T
1720,9,3,6,C,C,C
1721,9,3,6,A,A,A
1722,9,3,6,A,A,A
1723,9,3,6,G,G,G
1724,9,3,6,G,G,G
1725,9,3,6,T,T,T
1726,9,3,6,T,T,T
1727,10,3,7,T,T,T
1728,10,3,7,C,C,C
1729,9,3,6,T,T,T
1730,10,3,7,G,G,G
1731,9,3,6,C,C,C
1732,10,3,7,C,C,C
1733,10,3,7,A,A,A
1734,9,3,6,G,G,G
1735,9,3,6,C,C,C
1736,9,3,6,C,C,C
1737,9,3,6,C,C,C
1738,7,3,4,A,A,A
1739,5,3,5,C,C,T
1740,9,3,6,T,T,T
1741,9,3,6,G,G,G
1742,9,3,6,T,T,T
1743,9,3,6,T,T,T
1744,9,3,6,G,G,G
1745,9,3,6,T,T,T
1746,9,3,6,A,A,A
1747,9,3,6,T,T,T
1748,8,3,5,A,A,A
1749,9,3,6,C,C,C
1750,7,3,4,G,G,G
1751,9,3,6,C,C,C
1752,9,3,6,T,T,T
1753,7,3,4,T,T,T
1754,9,3,6,A,A,A
1755,9,3,6,T,T,T
1756,9,3,6,T,T,T
1757,9,3,6,G,G,G
1758,9,3,6,A,A,A
1759,9,3,6,G,G,G
1760,9,3,6,A,A,A
1761,9,3,6,A,A,A
1762,9,3,6,A,A,A
1763,10,3,7,A,A,A
1764,10,3,7,C,C,C
1765,10,3,7,A,A,A
1766,9,3,6,A,A,A
1767,10,3,7,T,T,T
1768,10,3,7,G,G,G
1769,9,3,6,C,C,C
1770,9,3,6,A,A,A
1771,9,3,6,A,A,A
1772,5,3,5,G,A,G
1773,9,3,6,A,A,A
1774,7,3,4,T,T,T
1775,9,3,6,G,G,G
1776,9,3,6,T,T,T
1777,9,3,6,G,G,G
1778,9,3,6,A,A,A
1779,10,3,7,A,A,A
1780,6,2,5,A,G,A
1781,10,3,7,C,C,C
1782,10,3,7,A,A,A
1783,10,3,7,T,T,T
1784,9,3,6,C,C,C
1785,9,3,6,C,C,C
1786,6,3,3,G,G,A
1787,9,3,6,G,G,G
1788,9,3,6,T,T,T
1789,9,3,6,T,T,T
1790,9,3,6,A,A,A
1791,9,3,6,C,C,C
1792,9,3,6,T,T,T
1793,9,3,6,G,G,G
1794,9,3,6,G,G,G
1795,7,3,4,G,G,G
1796,9,3,6,C,C,C
1797,4,3,4,A,A,G
1798,8,3,5,A,A,A
1799,10,3,7,T,T,T
1800,5,3,5,C,T,C
1801,9,3,6,T,T,T
1802,10,3,7,C,C,C
1803,9,3,6,T,T,T
1804,7,3,4,A,A,A
1805,10,3,7,T,T,T
1806,9,3,6,A,A,A
1807,10,3,7,T,T,T
1808,10,3,7,C,C,C
1809,9,3,6,A,A,A
1810,9,3,6,G,G,G
1811,10,3,7,G,G,G
1812,9,3,6,A,A,A
1813,9,3,6,C,C,C
1814,10,3,7,A,A,A
1815,10,3,7,G,G,G
1816,10,3,7,C,C,C
1817,10,3,7,A,A,A
1818,9,3,6,A,A,A
1819,9,3,6,C,C,C
1820,9,3,6,T,T,T
1821,10,3,7,G,G,G
1822,9,3,6,G,G,G
1823,9,3,6,G,G,G
1824,10,3,7,C,C,C
1825,10,3,7,C,C,C
1826,10,3,7,A,A,A
1827,10,3,7,G,G,G
1828,9,3,6,C,C,C
1829,9,3,6,A,A,A
1830,9,3,6,A,A,A
1831,9,3,6,A,A,A
1832,9,3,6,G,G,G
1833,9,3,6,T,T,T
1834,9,3,6,T,T,T
1835,9,3,6,G,G,G
1836,9,3,6,A,A,A
1837,9,3,6,G,G,G
1838,9,3,6,A,A,A
1839,9,3,6,A,A,A
1840,8,3,5,A,A,A
1841,9,3,6,C,C,C
1842,9,3,6,T,T,T
1843,9,3,6,C,C,C
1844,9,3,6,A,A,A
1845,9,3,6,C,C,C
1846,9,3,6,T,T,T
1847,9,3,6,T,T,T
1848,9,3,6,T,T,T
1849,7,3,4,A,A,A
1850,9,3,6,G,G,G
1851,9,3,6,A,A,A
1852,9,3,6,C,C,C
1853,9,3,6,A,A,A
1854,9,3,6,A,A,A
1855,9,3,6,T,T,T
1856,9,3,6,G,G,G
1857,9,3,6,C,C,C
1858,9,3,6,T,T,T
1859,10,3,7,G,G,G
1860,10,3,7,C,C,C
1861,9,3,6,T,T,T
1862,10,3,7,T,T,T
1863,10,3,7,T,T,T
1864,9,3,6,C,C,C
1865,10,3,7,C,C,C
1866,9,3,6,C,C,C
1867,10,3,7,T,T,T
1868,10,3,7,T,T,T
1869,10,3,7,T,T,T
1870,9,3,6,C,C,C
1871,10,3,7,C,C,C
1872,10,3,7,T,T,T
1873,9,3,6,T,T,T
1874,10,3,7,G,G,G
1875,10,3,7,C,C,C
1876,6,3,3,A,A,A
1877,9,3,6,T,T,T
1878,9,3,6,A,A,A
1879,9,3,6,T,T,T
1880,9,3,6,T,T,T
1881,9,3,6,C,C,C
1882,9,3,6,T,T,T
1883,9,3,6,G,G,G
1884,9,3,6,G,G,G
1885,9,3,6,A,A,A
1886,9,3,6,A,A,A
1887,9,3,6,T,T,T
1888,9,3,6,C,C,C
1889,9,3,6,C,C,C
1890,9,3,6,C,C,C
1891,9,3,6,A,A,A
1892,9,3,6,G,G,G
1893,9,3,6,C,C,C
1894,9,3,6,A,A,A
1895,9,3,6,G,G,G
1896,9,3,6,T,T,T
1897,9,3,6,T,T,T
1898,9,3,6,T,T,T
1899,9,3,6,C,C,C
1900,9,3,6,T,T,T
1901,9,3,6,T,T,T
1902,9,3,6,T,T,T
1903,9,3,6,C,C,C
1904,9,3,6,T,T,T
1905,9,3,6,G,G,G
1906,9,3,6,T,T,T
1907,9,3,6,T,T,T
1908,9,3,6,T,T,T
1909,9,3,6,T,T,T
1910,9,3,6,T,T,T
1911,9,3,6,G,G,G
1912,6,3,3,C,C,C
1913,9,3,6,G,G,G
1914,10,3,7,A,A,A
1915,10,3,7,G,G,G
1916,10,3,7,G,G,G
1917,10,3,7,A,A,A
1918,10,3,7,C,C,C
1919,9,3,6,A,A,A
1920,10,3,7,C,C,C
1921,10,3,7,A,A,A
1922,10,3,7,G,G,G
1923,10,3,7,A,A,A
1924,10,3,7,T,T,T
1925,10,3,7,T,T,T
1926,10,3,7,A,A,A
1927,10,3,7,T,T,T
1928,10,3,7,C,C,C
1929,10,3,7,C,C,C
1930,10,3,7,T,T,T
1931,10,3,7,T,T,T
1932,10,3,7,A,A,A
1933,7,3,4,T,T,T
1934,10,3,7,T,T,T
1935,10,3,7,T,T,T
1936,10,3,7,G,G,G
1937,10,3,7,G,G,G
1938,10,3,7,G,G,G
1939,7,3,4,T,T,T
1940,10,3,7,A,A,A
1941,10,3,7,C,C,C
1942,9,3,6,C,C,C
1943,10,3,7,A,A,A
1944,10,3,7,C,C,C
1945,10,3,7,C,C,C
1946,10,3,7,A,A,A
1947,10,3,7,T,T,T
1948,10,3,7,G,G,G
1949,10,3,7,G,G,G
1950,10,3,7,A,A,A
1951,8,3,5,C,C,C
1952,10,3,7,A,A,A
1953,10,3,7,C,C,C
1954,10,3,7,C,C,C
1955,10,3,7,T,T,T
1956,10,3,7,A,A,A
1957,10,3,7,T,T,T
1958,10,3,7,A,A,A
1959,10,3,7,A,A,A
1960,10,3,7,G,G,G
1961,10,3,7,G,G,G
1962,10,3,7,A,A,A
1963,10,3,7,A,A,A
1964,10,3,7,C,C,C
1965,10,3,7,T,T,T
1966,10,3,7,G,G,G
1967,7,3,4,A,A,A
1968,10,3,7,T,T,T
1969,6,3,4,T,T,G
1970,10,3,7,G,G,G
1971,10,3,7,A,A,A
1972,10,3,7,G,G,G
1973,10,3,7,A,A,A
1974,7,3,4,G,G,G
1975,8,3,5,G,G,G
1976,10,3,7,A,A,A
1977,10,3,7,T,T,T
1978,10,3,7,T,T,T
1979,10,3,7,C,C,C
1980,10,3,7,C,C,C
1981,10,3,7,T,T,T
1982,8,3,5,G,G,G
1983,10,3,7,A,A,A
1984,10,3,7,G,G,G
1985,6,3,4,T,T,C
1986,10,3,7,T,T,T
1987,9,3,6,G,G,G
1988,9,3,6,A,A,A
1989,10,3,7,A,A,A
1990,10,3,7,C,C,C
1991,10,3,7,A,A,A
1992,10,3,7,A,A,A
1993,10,3,7,A,A,A
1994,10,3,7,G,G,G
1995,10,3,7,T,T,T
1996,10,3,7,G,G,G
1997,10,3,7,G,G,G
1998,10,3,7,C,C,C
1999,10,3,7,A,A,A
2000,10,3,7,C,C,C
2001,10,3,7,G,G,G
2002,10,3,7,A,A,A
2003,10,3,7,G,G,G
2004,10,3,7,C,C,C
2005,10,3,7,A,A,A
2006,10,3,7,G,G,G
2007,10,3,7,C,C,C
2008,7,3,4,T,T,T
2009,10,3,7,G,G,G
2010,10,3,7,C,C,C
2011,9,3,6,A,A,A
2012,10,3,7,G,G,G
2013,10,3,7,A,A,A
2014,6,3,6,A,G,A
2015,10,3,7,G,G,G
2016,10,3,7,T,T,T
2017,5,3,5,A,C,A
2018,10,3,7,G,G,G
2019,10,3,7,C,C,C
2020,10,3,7,T,T,T
2021,10,3,7,G,G,G
2022,10,3,7,G,G,G
2023,10,3,7,T,T,T
2024,10,3,7,C,C,C
2025,10,3,7,A,A,A
2026,10,3,7,G,G,G
2027,10,3,7,T,T,T
2028,10,3,7,T,T,T
2029,9,3,6,C,C,C
2030,7,3,4,G,G,G
2031,10,3,7,T,T,T
2032,10,3,7,G,G,G
2033,10,3,7,A,A,A
2034,10,3,7,T,T,T
2035,10,3,7,T,T,T
2036,10,3,7,A,A,A
2037,10,3,7,A,A,A
2038,10,3,7,A,A,A
2039,10,3,7,C,C,C
2040,10,3,7,T,T,T
2041,7,3,4,A,A,A
2042,10,3,7,A,A,A
2043,10,3,7,C,C,C
2044,10,3,7,C,C,C
2045,10,3,7,C,C,C
2046,10,3,7,A,A,A
2047,9,3,6,T,T,T
2048,10,3,7,G,G,G
2049,10,3,7,A,A,A
2050,10,3,7,T,T,T
2051,8,3,5,G,G,G
2052,9,3,6,T,T,T
2053,10,3,7,T,T,T
2054,10,3,7,G,G,G
2055,10,3,7,A,A,A
2056,9,2,7,A,A,A
2057,10,3,7,T,T,T
2058,10,3,7,T,T,T
2059,8,3,5,G,G,G
2060,10,3,7,A,A,A
2061,10,3,7,A,A,A
2062,10,3,7,C,C,C
2063,10,3,7,C,C,C
2064,10,3,7,T,T,T
2065,10,3,7,G,G,G
2066,10,3,7,G,G,G
2067,10,3,7,A,A,A
2068,8,3,5,C,C,C
2069,10,3,7,T,T,T
2070,9,3,6,A,A,A
2071,10,3,7,T,T,T
2072,10,3,7,G,G,G
2073,10,3,7,A,A,A
2074,10,3,7,G,G,G
2075,10,3,7,A,A,A
2076,10,3,7,G,G,G
2077,10,3,7,G,G,G
2078,10,3,7,T,T,T
2079,10,3,7,A,A,A
2080,8,3,5,C,C,C
2081,10,3,7,A,A,A
2082,10,3,7,A,A,A
2083,10,3,7,C,C,C
2084,10,3,7,A,A,A
2085,10,3,7,G,G,G
2086,9,3,6,C,C,C
2087,9,3,6,C,C,C
2088,10,3,7,A,A,A
2089,7,3,4,A,A,A
2090,10,3,7,C,C,C
2091,10,3,7,T,T,T
2092,8,3,5,G,G,G
2093,10,3,7,C,C,C
2094,10,3,7,T,T,T
2095,10,3,7,T,T,T
2096,10,3,7,T,T,T
2097,5,3,4,C,C,T
2098,5,3,4,A,A,G
2099,10,3,7,T,T,T
2100,10,3,7,T,T,T
2101,10,3,7,T,T,T
2102,5,3,3,G,G,T
2103,10,3,7,T,T,T
2104,10,3,7,G,G,G
2105,10,3,7,A,A,A
2106,10,3,7,G,G,G
2107,10,3,7,G,G,G
2108,8,3,5,G,G,G
2109,10,3,7,A,A,A
2110,10,3,7,T,T,T
2111,10,3,7,C,C,C
2112,10,3,7,T,T,T
2113,10,3,7,G,G,G
2114,10,3,7,A,A,A
2115,10,3,7,A,A,A
2116,10,3,7,C,C,C
2117,10,3,7,C,C,C
2118,10,3,7,A,A,A
2119,7,3,4,A,A,A
2120,10,3,7,T,T,T
2121,10,3,7,A,A,A
2122,10,3,7,C,C,C
2123,10,3,7,A,A,A
2124,10,3,7,G,G,G
2125,10,3,7,A,A,A
2126,10,3,7,G,G,G
2127,10,3,7,C,C,C
2128,10,3,7,A,A,A
2129,10,3,7,G,G,G
2130,10,3,7,A,A,A
2131,7,3,4,C,C,C
2132,7,3,4,A,A,A
2133,10,3,7,T,T,T
2134,10,3,7,A,A,A
2135,10,3,7,A,A,A
2136,10,3,7,A,A,A
2137,10,3,7,G,G,G
2138,10,3,7,G,G,G
2139,10,3,7,A,A,A
2140,10,3,7,A,A,A
2141,10,3,7,A,A,A
2142,10,3,7,T,T,T
2143,10,3,7,G,G,G
2144,10,3,7,G,G,G
2145,10,3,7,G,G,G
2146,10,3,7,C,C,C
2147,9,3,6,C,C,C
2148,10,3,7,T,T,T
2149,10,3,7,G,G,G
2150,10,3,7,A,A,A
2151,10,3,7,G,G,G
2152,8,3,5,T,T,T
2153,10,3,7,T,T,T
2154,10,3,7,T,T,T
2155,6,3,4,A,A,G
2156,10,3,7,C,C,C
2157,10,3,7,A,A,A
2158,10,3,7,G,G,G
2159,10,3,7,T,T,T
2160,10,3,7,G,G,G
2161,10,3,7,G,G,G
2162,10,3,7,C,C,C
2163,10,3,7,T,T,T
2164,10,3,7,G,G,G
2165,10,3,7,T,T,T
2166,10,3,7,A,A,A
2167,10,3,7,T,T,T
2168,10,3,7,T,T,T
2169,10,3,7,C,C,C
2170,10,3,7,T,T,T
2171,10,3,7,G,G,G
2172,10,3,7,C,C,C
2173,10,3,7,T,T,T
2174,10,3,7,C,C,C
2175,10,3,7,G,G,G
2176,8,3,5,T,T,T
2177,10,3,7,G,G,G
2178,10,3,7,G,G,G
2179,8,3,5,A,A,A
2180,10,3,7,G,G,G
2181,10,3,7,A,A,A
2182,10,3,7,C,C,C
2183,10,3,7,T,T,T
2184,10,3,7,T,T,T
2185,6,3,6,T,C,T
2186,10,3,7,T,T,T
2187,10,3,7,T,T,T
2188,10,3,7,C,C,C
2189,10,3,7,C,C,C
2190,10,3,7,G,G,G
2191,8,3,5,T,T,T
2192,10,3,7,G,G,G
2193,10,3,7,C,C,C
2194,10,3,7,T,T,T
2195,10,3,7,A,A,A
2196,10,3,7,C,C,C
2197,9,3,6,T,T,T
2198,10,3,7,T,T,T
2199,10,3,7,C,C,C
2200,10,3,7,C,C,C
2201,10,3,7,A,A,A
2202,10,3,7,G,G,G
2203,8,3,5,A,A,A
2204,10,3,7,C,C,C
2205,10,3,7,T,T,T
2206,8,3,5,A,A,A
2207,10,3,7,A,A,A
2208,10,3,7,C,C,C
2209,8,3,5,A,A,A
2210,10,3,7,A,A,A
2211,10,3,7,C,C,C
2212,10,3,7,A,A,A
2213,10,3,7,G,G,G
2214,10,3,7,A,A,A
2215,10,3,7,T,T,T
2216,10,3,7,T,T,T
2217,10,3,7,T,T,T
2218,10,3,7,C,C,C
2219,5,3,5,A,G,A
2220,8,3,5,G,G,G
2221,10,3,7,G,G,G
2222,10,3,7,A,A,A
2223,10,3,7,A,A,A
2224,8,3,5,T,T,T
2225,8,3,5,G,G,G
2226,10,3,7,C,C,C
2227,10,3,7,T,T,T
2228,10,3,7,G,G,G
2229,10,3,7,A,A,A
2230,10,3,7,G,G,G
2231,10,3,7,A,A,A
2232,9,3,6,A,A,A
2233,10,3,7,A,A,A
2234,10,3,7,A,A,A
2235,10,3,7,C,C,C
2236,7,3,4,A,A,A
2237,10,3,7,G,G,G
2238,10,3,7,A,A,A
2239,9,3,6,C,C,C
2240,10,3,7,A,A,A
2241,7,3,4,G,G,G
2242,7,3,4,A,A,A
2243,10,3,7,T,T,T
2244,10,3,7,T,T,T
2245,9,3,6,T,T,T
2246,10,3,7,G,G,G
2247,10,3,7,T,T,T
2248,10,3,7,C,C,C
2249,10,3,7,A,A,A
2250,10,3,7,T,T,T
2251,10,3,7,G,G,G
2252,10,3,7,A,A,A
2253,10,3,7,A,A,A
2254,10,3,7,G,G,G
2255,8,3,5,A,A,A
2256,10,3,7,A,A,A
2257,7,3,4,A,A,A
2258,10,3,7,C,C,C
2259,10,3,7,T,T,T
2260,10,3,7,C,C,C
2261,10,3,7,A,A,A
2262,10,3,7,A,A,A
2263,10,3,7,T,T,T
2264,10,3,7,G,G,G
2265,10,3,7,A,A,A
2266,10,3,7,T,T,T
2267,10,3,7,C,C,C
2268,10,3,7,G,G,G
2269,10,3,7,T,T,T
2270,8,3,5,G,G,G
2271,10,3,7,T,T,T
2272,10,3,7,C,C,C
2273,10,3,7,A,A,A
2274,10,3,7,T,T,T
2275,10,3,7,G,G,G
2276,10,3,7,A,A,A
2277,8,3,5,G,G,G
2278,10,3,7,A,A,A
2279,10,3,7,G,G,G
2280,10,3,7,T,T,T
2281,7,3,4,G,G,G
2282,10,3,7,G,G,G
2283,10,3,7,A,A,A
2284,8,3,5,G,G,G
2285,10,3,7,T,T,T
2286,10,3,7,A,A,A
2287,10,3,7,T,T,T
2288,5,3,5,C,C,T
2289,9,3,6,A,A,A
2290,10,3,7,C,C,C
2291,10,3,7,T,T,T
2292,10,3,7,T,T,T
2293,10,3,7,C,C,C
2294,10,3,7,C,C,C
2295,10,3,7,T,T,T
2296,10,3,7,C,C,C
2297,10,3,7,T,T,T
2298,10,3,7,C,C,C
2299,5,3,4,T,T,A
2300,10,3,7,C,C,C
2301,10,3,7,C,C,C
2302,9,3,6,C,C,C
2303,10,3,7,T,T,T
2304,10,3,7,A,A,A
2305,5,3,5,C,C,T
2306,10,3,7,G,G,G
2307,10,3,7,T,T,T
2308,5,3,5,A,A,G
2309,10,3,7,T,T,T
2310,10,3,7,C,C,C
2311,10,3,7,T,T,T
2312,10,3,7,C,C,C
2313,10,3,7,C,C,C
2314,9,3,6,A,A,A
2315,10,3,7,A,A,A
2316,8,3,5,A,A,A
2317,8,3,5,A,A,A
2318,10,3,7,G,G,G
2319,10,3,7,A,A,A
2320,9,3,6,G,G,G
2321,10,3,7,T,T,T
2322,10,3,7,C,C,C
2323,10,3,7,T,T,T
2324,10,3,7,C,C,C
2325,10,3,7,C,C,C
2326,10,3,7,T,T,T
2327,10,3,7,T,T,T
2328,10,3,7,T,T,T
2329,10,3,7,C,C,C
2330,10,3,7,C,C,C
2331,10,3,7,G,G,G
2332,5,3,4,A,A,G
2333,10,3,7,C,C,C
2334,10,3,7,A,A,A
2335,8,3,5,T,T,T
2336,8,3,5,G,G,G
2337,10,3,7,T,T,T
2338,10,3,7,C,C,C
2339,10,3,7,T,T,T
2340,10,3,7,T,T,T
2341,10,3,7,C,C,C
2342,10,3,7,T,T,T
2343,10,3,7,G,G,G
2344,10,3,7,G,G,G
2345,10,3,7,G,G,G
2346,10,3,7,G,G,G
2347,10,3,7,C,C,C
2348,10,3,7,T,T,T
2349,10,3,7,C,C,C
2350,8,3,5,C,C,C
2351,10,3,7,G,G,G
2352,10,3,7,G,G,G
2353,10,3,7,C,C,C
2354,10,3,7,T,T,T
2355,10,3,7,C,C,C
2356,7,3,4,T,T,T
2357,10,3,7,C,C,C
2358,10,3,7,A,A,A
2359,10,3,7,C,C,C
2360,10,3,7,A,A,A
2361,10,3,7,C,C,C
2362,8,2,6,G,G,G
2363,10,3,7,C,C,C
2364,10,3,7,T,T,T
2365,10,3,7,G,G,G
2366,5,3,5,T,C,T
2367,10,3,7,C,C,C
2368,7,3,4,A,A,A
2369,10,3,7,G,G,G
2370,10,3,7,C,C,C
2371,9,3,6,T,T,T
2372,10,3,7,T,T,T
2373,10,3,7,T,T,T
2374,9,3,6,A,A,A
2375,10,3,7,C,C,C
2376,10,3,7,T,T,T
2377,8,3,5,G,G,G
2378,10,3,7,G,G,G
2379,9,3,6,A,A,A
2380,10,3,7,G,G,G
2381,9,3,6,A,A,A
2382,8,3,5,A,A,A
2383,10,3,7,C,C,C
2384,8,3,5,T,T,T
2385,10,3,7,T,T,T
2386,10,3,7,G,G,G
2387,10,3,7,A,A,A
2388,9,3,6,A,A,A
2389,10,3,7,A,A,A
2390,10,3,7,C,C,C
2391,10,3,7,T,T,T
2392,10,3,7,G,G,G
2393,10,3,7,C,C,C
2394,10,3,7,G,G,G
2395,10,3,7,T,T,T
2396,10,3,7,A,A,A
2397,7,3,4,A,A,A
2398,10,3,7,A,A,A
2399,8,3,5,C,C,C
2400,8,3,5,A,A,A
2401,8,3,5,A,A,A
2402,10,3,7,A,A,A
2403,10,3,7,A,A,A
2404,10,3,7,T,T,T
2405,9,3,6,A,A,A
2406,10,3,7,A,A,A
2407,10,3,7,C,C,C
2408,5,3,3,G,G,A
2409,10,3,7,G,G,G
2410,10,3,7,T,T,T
2411,10,3,7,G,G,G
2412,10,3,7,C,C,C
2413,10,3,7,T,T,T
2414,10,3,7,T,T,T
2415,10,3,7,T,T,T
2416,10,3,7,T,T,T
2417,10,3,7,A,A,A
2418,10,3,7,A,A,A
2419,10,3,7,T,T,T
2420,10,3,7,G,G,G
2421,10,3,7,A,A,A
2422,10,3,7,A,A,A
2423,10,3,7,A,A,A
2424,10,3,7,C,C,C
2425,10,3,7,G,G,G
2426,10,3,7,C,C,C
2427,10,3,7,T,T,T
2428,10,3,7,G,G,G
2429,10,3,7,T,T,T
2430,10,3,7,T,T,T
2431,10,3,7,C,C,C
2432,10,3,7,A,A,A
2433,10,3,7,G,G,G
2434,10,3,7,A,A,A
2435,10,3,7,A,A,A
2436,10,3,7,A,A,A
2437,10,3,7,C,C,C
2438,10,3,7,C,C,C
2439,10,3,7,A,A,A
2440,10,3,7,G,G,G
2441,8,3,5,T,T,T
2442,10,3,7,T,T,T
2443,10,3,7,G,G,G
2444,10,3,7,G,G,G
2445,10,3,7,C,C,C
2446,10,3,7,T,T,T
2447,10,3,7,C,C,C
2448,10,3,7,T,T,T
2449,5,3,3,A,A,C
2450,10,3,7,G,G,G
2451,10,3,7,C,C,C
2452,8,3,5,T,T,T
2453,10,3,7,A,A,A
2454,10,3,7,C,C,C
2455,10,3,7,T,T,T
2456,10,3,7,T,T,T
2457,10,3,7,G,G,G
2458,10,3,7,G,G,G
2459,10,3,7,A,A,A
2460,10,3,7,C,C,C
2461,10,3,7,T,T,T
2462,10,3,7,A,A,A
2463,10,3,7,T,T,T
2464,10,3,7,T,T,T
2465,10,3,7,C,C,C
2466,10,3,7,A,A,A
2467,10,3,7,G,G,G
2468,10,3,7,G,G,G
2469,10,3,7,G,G,G
2470,10,3,7,A,A,A
2471,10,3,7,G,G,G
2472,10,3,7,C,C,C
2473,10,3,7,T,T,T
2474,10,3,7,G,G,G
2475,10,3,7,C,C,C
2476,10,3,7,A,A,A
2477,10,3,7,A,A,A
2478,10,3,7,A,A,A
2479,10,3,7,T,T,T
2480,10,3,7,G,G,G
2481,10,3,7,C,C,C
2482,10,3,7,C,C,C
2483,10,3,7,C,C,C
2484,10,3,7,T,T,T
2485,7,3,4,C,C,C
2486,10,3,7,T,T,T
2487,10,3,7,C,C,C
2488,10,3,7,T,T,T
2489,10,3,7,G,G,G
2490,10,3,7,G,G,G
2491,10,3,7,T,T,T
2492,10,3,7,G,G,G
2493,10,3,7,A,A,A
2494,10,3,7,C,C,C
2495,8,3,5,G,G,G
2496,10,3,7,T,T,T
2497,10,3,7,T,T,T
2498,10,3,7,T,T,T
2499,10,3,7,G,G,G
2500,10,3,7,G,G,G
2501,10,3,7,G,G,G
2502,10,3,7,A,A,A
2503,10,3,7,C,C,C
2504,10,3,7,A,A,A
2505,10,3,7,T,T,T
2506,10,3,7,T,T,T
2507,10,3,7,G,G,G
2508,10,3,7,A,A,A
2509,10,3,7,C,C,C
2510,10,3,7,A,A,A
2511,10,3,7,A,A,A
2512,10,3,7,T,T,T
2513,10,3,7,G,G,G
2514,10,3,7,A,A,A
2515,10,3,7,G,G,G
2516,10,3,7,T,T,T
2517,10,3,7,T,T,T
2518,10,3,7,T,T,T
2519,10,3,7,T,T,T
2520,10,3,7,A,A,A
2521,10,3,7,A,A,A
2522,8,2,6,A,A,A
2523,6,2,4,T,T,T
2524,8,2,6,G,G,G
2525,6,0,6,T,,T
2526,6,0,6,G,,G
2527,6,0,6,A,,A
2528,6,0,6,T,,T
2529,6,0,6,A,,A
2530,6,0,6,C,,C
2531,6,0,6,C,,C
2532,6,0,6,C,,C
2533,5,2,3,A,A,A
2534,8,2,6,T,T,T
2535,6,2,6,A,G,A
2536,7,2,5,G,G,G
2537,5,2,5,C,A,C
2538,8,2,6,T,T,T
2539,6,2,6,T,C,T
2540,6,2,4,A,A,A
2541,5,2,5,C,A,C
2542,5,2,3,G,G,A
2543,6,2,6,T,C,T
2544,5,2,5,C,T,C
2545,8,2,6,A,A,A
2546,7,2,5,G,G,G
2547,8,2,6,A,A,A
2548,6,2,6,A,T,A
2549,8,2,6,C,C,C
2550,8,2,6,A,A,A
2551,8,2,6,G,G,G
2552,8,2,6,C,C,C
2553,8,2,6,A,A,A
2554,6,0,6,G,,G
2555,6,0,6,G,,G
2556,3,0,3,A,,A
2557,5,0,5,T,,T
2558,6,0,6,A,,A
2559,6,0,6,G,,G
2560,6,0,6,T,,T
2561,6,0,6,C,,C
2562,6,0,6,T,,T
2563,3,0,3,A,,A
2564,5,0,5,G,,G
2565,8,2,6,T,T,T
2566,8,2,6,T,T,T
2567,6,2,6,T,C,T
2568,6,2,6,C,T,C
2569,6,2,6,T,C,T
2570,6,2,6,A,T,A
2571,5,2,5,G,A,G
2572,8,2,6,A,A,A
2573,8,2,6,C,C,C
2574,8,2,6,T,T,T
2575,5,2,3,T,T,C
2576,8,2,6,G,G,G
2577,5,0,5,T,,T
2578,6,0,6,G,,G
2579,6,0,6,C,,C
2580,6,0,6,T,,T
2581,6,0,6,G,,G
2582,6,0,6,A,,A
2583,5,0,5,T,,T
2584,4,0,4,T,,T
2585,5,0,5,G,,G
2586,5,0,5,T,,T
2587,5,0,5,G,,G
2588,5,0,5,C,,C
2589,5,0,5,T,,T
2590,5,0,5,A,,A
2591,3,0,3,C,,C
2592,3,0,3,A,,A
2593,6,0,6,T,,T
2594,6,0,6,T,,T
2595,8,2,6,T,T,T
2596,8,2,6,T,T,T
2597,6,2,6,C,T,C
2598,6,2,6,A,G,A
2599,8,2,6,G,G,G
2600,8,2,6,T,T,T
2601,6,2,6,A,G,A
2602,7,2,5,G,G,G
2603,6,2,6,G,A,G
2604,8,2,6,G,G,G
2605,6,0,6,C,,C
2606,6,0,6,T,,T
2607,3,0,3,A,,A
2608,6,0,6,C,,C
2609,6,0,6,A,,A
2610,6,0,6,A,,A
2611,6,0,6,A,,A
2612,8,2,6,A,A,A
2613,6,2,6,C,A,C
2614,8,2,6,C,C,C
2615,6,2,6,T,C,T
2616,6,2,6,G,A,G
2617,6,2,6,A,T,A
2618,8,2,6,T,T,T
2619,8,2,6,G,G,G
2620,8,2,6,T,T,T
2621,4,2,4,T,C,T
2622,8,2,6,A,A,A
2623,5,2,5,A,T,A
2624,8,2,6,A,A,A
2625,6,2,6,A,T,A
2626,6,2,6,T,A,T
2627,6,2,6,T,C,T
2628,8,2,6,C,C,C
2629,8,2,6,C,C,C
2630,6,2,6,A,G,A
2631,6,2,6,T,G,T
2632,6,2,6,C,T,C
2633,6,2,6,C,T,C
2634,7,2,5,C,C,C
2635,8,2,6,A,A,A
2636,6,2,6,T,G,T
2637,8,2,6,C,C,C
2638,5,2,5,A,C,A
2639,8,2,6,T,T,T
2640,6,2,6,C,G,C
2641,6,2,6,T,G,T
2642,6,2,6,T,C,T
2643,6,2,6,G,T,G
2644,6,2,6,G,C,G
2645,6,2,6,T,G,T
2646,6,2,6,A,G,A
2647,8,2,6,C,C,C
2648,6,2,6,T,A,T
2649,8,2,6,A,A,A
2650,6,2,6,C,G,C
2651,8,2,6,T,T,T
2652,8,2,6,A,A,A
2653,8,2,6,G,G,G
2654,8,2,6,A,A,A
2655,8,2,6,T,T,T
2656,8,2,6,G,G,G
2657,6,2,6,T,G,T
2658,8,2,6,C,C,C
2659,6,2,6,T,G,T
2660,6,2,6,T,A,T
2661,8,2,6,T,T,T
2662,8,2,6,A,A,A
2663,6,2,6,G,A,G
2664,6,0,6,G,,G
2665,6,0,6,C,,C
2666,6,0,6,A,,A
2667,6,0,6,G,,G
2668,6,0,6,C,,C
2669,6,0,6,A,,A
2670,6,0,6,G,,G
2671,6,0,6,C,,C
2672,6,0,6,T,,T
2673,6,0,6,T,,T
2674,6,0,6,T,,T
2675,6,2,6,T,C,T
2676,8,2,6,A,A,A
2677,6,2,6,A,G,A
2678,8,2,6,T,T,T
2679,5,2,3,C,C,A
2680,6,2,6,C,A,C
2681,6,2,6,A,T,A
2682,8,2,6,G,G,G
2683,6,2,6,G,T,G
2684,8,2,6,G,G,G
2685,6,2,6,T,G,T
2686,8,2,6,A,A,A
2687,8,2,6,G,G,G
2688,8,2,6,A,A,A
2689,5,2,3,T,T,C
2690,5,2,5,A,G,A
2691,8,2,6,A,A,A
2692,6,2,6,C,A,C
2693,6,2,6,C,A,C
2694,6,2,6,T,C,T
2695,6,2,6,G,T,G
2696,7,2,5,T,T,T
2697,3,2,3,A,G,A
2698,8,2,6,C,C,C
2699,8,2,6,T,T,T
2700,6,2,6,T,G,T
2701,6,2,6,C,T,C
2702,8,2,6,A,A,A
2703,4,2,4,A,G,A
2704,6,2,6,G,A,G
2705,8,2,6,T,T,T
2706,6,2,6,T,G,T
2707,7,2,5,A,A,A
2708,8,2,6,A,A,A
2709,6,2,6,A,G,A
2710,6,2,6,G,A,G
2711,4,0,4,T,,T
2712,6,0,6,G,,G
2713,6,0,6,A,,A
2714,6,0,6,A,,A
2715,6,0,6,T,,T
2716,5,0,5,A,,A
2717,6,0,6,A,,A
2718,6,0,6,C,,C
2719,6,0,6,C,,C
2720,6,0,6,A,,A
2721,6,0,6,C,,C
2722,5,0,5,T,,T
2723,6,0,6,T,,T
2724,8,2,6,A,A,A
2725,6,2,6,A,G,A
2726,8,2,6,A,A,A
2727,8,2,6,A,A,A
2728,8,2,6,A,A,A
2729,7,2,5,A,A,A
2730,8,2,6,T,T,T
2731,8,2,6,G,G,G
2732,6,2,6,T,C,T
2733,5,2,5,C,T,C
2734,6,2,6,C,G,C
2735,5,2,3,A,A,A
2736,6,2,6,T,C,T
2737,6,2,6,G,A,G
2738,8,2,6,A,A,A
2739,8,2,6,T,T,T
2740,6,2,6,G,A,G
2741,6,2,6,G,A,G
2742,5,2,5,A,C,A
2743,8,2,6,A,A,A
2744,6,2,6,T,C,T
2745,8,2,6,A,A,A
2746,6,2,6,T,A,T
2747,6,2,6,T,A,T
2748,5,2,5,C,G,C
2749,5,2,5,C,G,C
2750,7,2,5,C,C,C
2751,8,2,6,C,C,C
2752,6,2,6,T,A,T
2753,5,2,3,A,A,A
2754,8,2,6,T,T,T
2755,6,2,6,C,G,C
2756,6,2,4,T,T,T
2757,6,2,4,C,C,C
2758,2,2,0,A,A,
2759,6,2,6,T,C,T
2760,8,2,6,A,A,A
2761,5,2,5,G,A,G
2762,8,2,6,A,A,A
2763,6,2,4,A,A,A
2764,6,2,6,T,C,T
2765,5,2,3,C,C,C
2766,3,2,3,T,A,T
2767,6,2,6,T,A,T
2768,7,2,5,A,A,A
2769,8,2,6,A,A,A
2770,6,2,6,G,A,G
2771,6,2,6,T,G,T
2772,8,2,6,G,G,G
2773,5,2,5,C,T,C
2774,6,2,6,T,G,T
2775,5,2,3,T,T,T
2776,5,2,5,T,A,T
2777,8,2,6,G,G,G
2778,8,2,6,T,T,T
2779,6,2,6,A,G,A
2780,6,2,6,A,G,A
2781,6,2,6,T,A,T
2782,6,2,6,G,A,G
2783,8,2,6,G,G,G
2784,6,2,4,T,T,T
2785,8,2,6,A,A,A
2786,6,2,6,A,T,A
2787,8,2,6,C,C,C
2788,8,2,6,T,T,T
2789,7,2,5,G,G,G
2790,8,2,6,C,C,C
2791,6,2,6,C,T,C
2792,6,2,6,T,A,T
2793,6,2,6,C,T,C
2794,6,2,6,T,G,T
2795,6,2,6,T,G,T
2796,6,2,6,T,G,T
2797,6,2,6,C,A,C
2798,7,2,5,C,C,C
2799,7,2,5,T,T,T
2800,5,2,5,G,A,G
2801,6,2,4,T,T,T
2802,8,2,6,T,T,T
2803,8,2,6,G,G,G
2804,4,2,4,T,C,T
2805,8,2,6,T,T,T
2806,7,2,5,G,G,G
2807,8,2,6,T,T,T
2808,6,2,6,T,G,T
2809,8,2,6,A,A,A
2810,6,2,6,A,T,A
2811,5,2,5,T,C,T
2812,8,2,6,G,G,G
2813,6,2,6,A,T,A
2814,6,2,6,A,C,A
2815,6,2,6,A,T,A
2816,6,2,6,A,T,A
2817,8,2,6,T,T,T
2818,6,2,6,G,T,G
2819,8,2,6,T,T,T
2820,8,2,6,C,C,C
2821,6,0,6,A,,A
2822,6,2,6,G,T,G
2823,6,2,6,A,T,A
2824,6,2,6,A,G,A
2825,8,2,6,A,A,A
2826,6,2,6,C,T,C
2827,6,2,6,C,T,C
2828,6,2,6,A,G,A
2829,8,2,6,G,G,G
2830,6,2,6,T,A,T
2831,7,2,5,T,T,T
2832,5,2,5,A,T,A
2833,8,2,6,T,T,T
2834,6,2,6,G,A,G
2835,8,2,6,T,T,T
2836,7,2,5,G,G,G
2837,7,2,5,A,A,A
2838,4,2,4,A,T,A
2839,6,2,4,T,T,T
2840,7,2,5,G,G,G
2841,6,2,6,A,G,A
2842,6,2,6,T,C,T
2843,5,2,5,C,T,C
2844,4,2,4,G,A,G
2845,8,2,6,C,C,C
2846,8,2,6,T,T,T
2847,3,0,3,C,,C
2848,6,0,6,T,,T
2849,5,0,5,G,,G
2850,5,0,5,A,,A
2851,5,0,5,A,,A
2852,3,0,3,C,,C
2853,6,0,6,C,,C
2854,6,0,6,C,,C
2855,6,0,6,T,,T
2856,6,0,6,A,,A
2857,6,0,6,A,,A
2858,6,0,6,G,,G
2859,6,0,6,G,,G
2860,6,0,6,G,,G
2861,6,2,6,C,T,C
2862,6,2,6,T,G,T
2863,8,2,6,G,G,G
2864,8,2,6,G,G,G
2865,6,2,6,T,C,T
2866,6,2,6,C,T,C
2867,6,2,6,T,A,T
2868,6,2,6,C,T,C
2869,8,2,6,T,T,T
2870,8,2,6,G,G,G
2871,6,2,6,C,T,C
2872,6,2,6,T,A,T
2873,6,2,6,G,A,G
2874,8,2,6,A,A,A
2875,6,2,6,A,G,A
2876,8,2,6,G,G,G
2877,8,2,6,G,G,G
2878,4,2,4,T,G,T
2879,8,2,6,T,T,T
2880,4,2,4,A,A,G
2881,6,2,6,T,G,T
2882,8,2,6,A,A,A
2883,8,2,6,A,A,A
2884,6,2,6,G,C,G
2885,4,2,4,T,C,T
2886,6,2,6,G,A,G
2887,6,2,6,G,A,G
2888,6,2,6,T,A,T
2889,4,2,4,C,A,C
2890,5,2,5,G,A,G
2891,7,2,5,C,C,C
2892,8,2,6,T,T,T
2893,6,1,6,T,C,T
2894,8,2,6,A,A,A
2895,6,2,6,C,G,C
2896,8,2,6,T,T,T
2897,6,2,6,T,G,T
2898,4,2,4,C,T,C
2899,8,2,6,G,G,G
2900,8,2,6,A,A,A
2901,8,2,6,G,G,G
2902,5,2,5,T,A,T
2903,7,2,5,G,G,G
2904,8,2,6,A,A,A
2905,6,2,6,T,C,T
2906,6,0,6,C,,C
2907,6,0,6,C,,C
2908,6,0,6,T,,T
2909,6,0,6,C,,C
2910,5,0,5,C,,C
2911,6,0,6,A,,A
2912,6,0,6,A,,A
2913,6,0,6,C,,C
2914,6,0,6,T,,T
2915,6,0,6,T,,T
2916,6,0,6,C,,C
2917,6,0,6,A,,A
2918,6,0,6,T,,T
2919,6,0,6,T,,T
2920,6,0,6,T,,T
2921,6,0,6,G,,G
2922,6,0,6,A,,A
2923,6,0,6,T,,T
2924,6,0,6,G,,G
2925,6,0,6,C,,C
2926,4,0,4,T,,T
2927,3,0,3,A,,A
2928,4,0,4,G,,G
2929,5,0,5,A,,A
2930,8,2,6,T,T,T
2931,6,2,6,A,G,A
2932,8,2,6,G,G,G
2933,5,2,5,G,C,G
2934,8,2,6,A,A,A
2935,8,2,6,G,G,G
2936,6,2,6,A,G,A
2937,3,2,3,C,A,C
2938,8,2,6,A,A,A
2939,8,2,6,C,C,C
2940,7,2,5,C,C,C
2941,5,2,5,A,G,A
2942,6,2,6,G,A,G
2943,8,2,6,G,G,G
2944,6,0,6,T,,T
2945,3,0,3,C,,C
2946,6,0,6,G,,G
2947,5,0,5,A,,A
2948,4,0,4,A,,A
2949,6,0,6,A,,A
2950,6,0,6,G,,G
2951,6,0,6,A,,A
2952,6,0,6,C,,C
2953,6,0,6,C,,C
2954,6,0,6,T,,T
2955,1,0,1,T,,T
2956,1,0,1,A,,A
2957,1,0,1,T,,T
2958,1,0,1,T,,T
2959,1,0,1,A,,A
2960,8,2,6,T,T,T
2961,7,2,5,C,C,C
2962,8,2,6,T,T,T
2963,8,2,6,C,C,C
2964,8,2,6,C,C,C
2965,6,0,6,A,,A
2966,8,2,6,A,A,A
2967,6,2,6,A,G,A
2968,8,2,6,T,T,T
2969,8,2,6,G,G,G
2970,8,2,6,A,A,A
2971,8,2,6,G,G,G
2972,6,2,6,A,G,A
2973,6,2,6,T,G,T
2974,6,2,6,C,A,C
2975,5,2,5,T,G,T
2976,4,2,4,A,G,A
2977,8,2,6,A,A,A
2978,8,2,6,G,G,G
2979,8,2,6,C,C,C
2980,8,2,6,C,C,C
2981,2,2,0,A,A,
2982,2,2,0,G,G,
2983,2,2,0,G,G,
2984,2,2,0,A,A,
2985,2,2,0,G,G,
2986,2,2,0,A,A,
2987,2,2,0,G,G,
2988,2,2,0,G,G,
2989,2,2,0,A,A,
2990,6,2,6,T,C,T
2991,8,2,6,T,T,T
2992,8,2,6,T,T,T
2993,8,2,6,C,C,C
2994,8,2,6,C,C,C
2995,5,2,5,A,C,A
2996,7,2,5,T,T,T
2997,6,2,6,A,G,A
2998,6,2,6,A,C,A
2999,6,2,6,G,A,G
3000,8,2,6,G,G,G
3001,6,2,6,A,C,A
3002,8,2,6,A,A,A
3003,4,2,4,C,C,T
3004,7,2,5,G,G,G
3005,8,2,6,T,T,T
3006,6,2,6,A,C,A
3007,8,2,6,G,G,G
3008,8,2,6,C,C,C
3009,8,2,6,T,T,T
3010,6,2,6,G,T,G
3011,6,2,6,G,A,G
3012,8,2,6,T,T,T
3013,5,2,5,T,A,T
3014,8,2,6,T,T,T
3015,6,2,6,C,T,C
3016,6,2,6,C,G,C
3017,6,2,6,T,G,T
3018,4,2,4,C,G,C
3019,8,2,6,A,A,A
3020,8,2,6,T,T,T
3021,6,2,6,T,G,T
3022,6,2,6,C,A,C
3023,8,2,6,C,C,C
3024,6,2,6,T,C,T
3025,6,2,6,G,T,G
3026,6,2,6,A,G,A
3027,8,2,6,A,A,A
3028,8,2,6,A,A,A
3029,8,2,6,G,G,G
3030,8,2,6,A,A,A
3031,6,2,6,A,G,A
3032,8,2,6,A,A,A
3033,6,2,6,C,A,C
3034,7,2,5,A,A,A
3035,8,2,6,G,G,G
3036,8,2,6,T,T,T
3037,8,2,6,T,T,T
3038,6,2,6,A,G,A
3039,6,2,6,A,T,A
3040,8,2,6,C,C,C
3041,6,2,6,T,G,T
3042,6,2,6,T,G,T
3043,6,2,6,T,A,T
3044,6,2,6,C,G,C
3045,6,2,4,A,A,A
3046,6,2,6,G,A,G
3047,8,2,6,A,A,A
3048,5,2,5,A,C,A
3049,6,2,6,G,T,G
3050,6,2,6,A,G,A
3051,8,2,6,G,G,G
3052,8,2,6,A,A,A
3053,6,2,6,T,C,T
3054,6,2,6,G,A,G
3055,8,2,6,G,G,G
3056,6,2,6,G,C,G
3057,5,2,5,C,A,C
3058,5,2,5,T,C,T
3059,6,2,6,T,A,T
3060,8,2,6,G,G,G
3061,5,2,5,T,A,T
3062,5,2,5,T,C,T
3063,8,2,6,T,T,T
3064,8,2,6,T,T,T
3065,7,2,5,C,C,C
3066,2,2,1,A,A,C
3067,6,2,6,T,C,T
3068,6,2,6,T,C,T
3069,8,2,6,G,G,G
3070,2,2,0,G,G,
3071,2,2,0,C,C,
3072,2,2,0,A,A,
3073,8,2,6,C,C,C
3074,8,2,6,C,C,C
3075,8,2,6,A,A,A
3076,3,2,3,T,T,G
3077,6,2,6,T,C,T
3078,6,2,6,G,A,G
3079,6,2,4,A,A,A
3080,8,2,6,G,G,G
3081,5,2,5,G,C,G
3082,8,2,6,T,T,T
3083,6,2,6,C,G,C
3084,6,2,6,T,C,T
3085,6,2,6,G,T,G
3086,6,2,6,A,G,A
3087,8,2,6,A,A,A
3088,8,2,6,A,A,A
3089,8,2,6,T,T,T
3090,8,2,6,G,G,G
3091,6,2,6,G,A,G
3092,8,2,6,A,A,A
3093,6,2,6,G,A,G
3094,6,2,6,G,A,G
3095,7,2,5,T,T,T
3096,6,2,6,C,T,C
3097,8,2,6,C,C,C
3098,6,2,6,T,A,T
3099,8,2,6,T,T,T
3100,5,2,5,C,A,C
3101,8,2,6,T,T,T
3102,8,2,6,G,G,G
3103,2,2,0,T,T,
3104,2,2,0,C,C,
3105,2,2,0,C,C,
3106,2,2,0,C,C,
3107,2,2,0,T,T,
3108,2,2,0,C,C,
3109,2,2,0,G,G,
3110,2,2,0,T,T,
3111,2,2,0,G,G,
3112,2,2,0,A,A,
3113,2,2,0,G,G,
3114,2,2,0,G,G,
3115,2,2,0,C,C,
3116,2,2,0,T,T,
3117,2,2,0,G,G,
3118,2,2,0,G,G,
3119,2,2,0,A,A,
3120,2,2,0,T,T,
3121,8,2,6,C,C,C
3122,8,2,6,T,T,T
3123,6,2,6,G,C,G
3124,6,2,6,G,A,G
3125,8,2,6,A,A,A
3126,5,2,5,T,A,T
3127,5,2,3,A,A,A
3128,8,2,6,A,A,A
3129,6,2,6,A,G,A
3130,8,2,6,A,A,A
3131,8,2,6,T,T,T
3132,8,2,6,G,G,G
3133,8,2,6,A,A,A
3134,6,2,6,G,A,G
3135,6,2,6,G,A,G
3136,3,2,3,C,A,C
3137,8,2,6,T,T,T
3138,8,2,6,C,C,C
3139,4,2,4,A,T,A
3140,4,2,4,A,T,A
3141,6,2,6,C,G,C
3142,6,2,6,T,C,T
3143,8,2,6,G,G,G
3144,8,2,6,T,T,T
3145,8,2,6,T,T,T
3146,8,2,6,G,G,G
3147,6,2,6,A,T,A
3148,5,2,5,T,A,T
3149,8,2,6,T,T,T
3150,8,2,6,G,G,G
3151,6,2,6,C,T,C
3152,6,2,6,A,T,A
3153,8,2,6,G,G,G
3154,5,2,5,G,A,G
3155,8,2,6,A,A,A
3156,8,2,6,A,A,A
3157,5,2,5,T,A,T
3158,6,2,6,A,T,A
3159,6,2,6,A,C,A
3160,6,2,6,G,A,G
3161,6,2,6,G,A,G
3162,6,2,6,C,T,C
3163,6,2,6,C,T,C
3164,8,2,6,T,T,T
3165,6,2,6,T,C,T
3166,6,2,6,A,G,A
3167,6,2,6,A,T,A
3168,6,2,6,T,G,T
3169,8,2,6,A,A,A
3170,6,2,6,T,A,T
3171,6,2,6,G,T,G
3172,8,2,6,T,T,T
3173,8,2,6,T,T,T
3174,6,2,4,A,A,A
3175,8,2,6,A,A,A
3176,6,2,6,C,A,C
3177,8,2,6,C,C,C
3178,8,2,6,T,T,T
3179,8,2,6,C,C,C
3180,8,2,6,A,A,A
3181,4,2,4,A,G,A
3182,6,2,6,T,C,T
3183,6,2,6,G,A,G
3184,6,2,6,T,A,T
3185,6,2,6,C,A,C
3186,6,2,6,A,G,A
3187,8,2,6,T,T,T
3188,6,2,6,T,C,T
3189,7,2,5,T,T,T
3190,5,0,5,A,,A
3191,6,0,6,T,,T
3192,6,0,6,G,,G
3193,6,0,6,A,,A
3194,6,0,6,A,,A
3195,6,0,6,A,,A
3196,6,0,6,A,,A
3197,8,2,6,G,G,G
3198,6,2,6,A,G,A
3199,6,2,6,G,C,G
3200,8,2,6,G,G,G
3201,6,2,6,G,T,G
3202,8,2,6,G,G,G
3203,7,2,5,A,A,A
3204,5,2,5,C,T,C
3205,8,2,6,C,C,C
3206,8,2,6,A,A,A
3207,6,2,6,G,A,G
3208,2,2,0,C,C,
3209,2,2,0,A,A,
3210,2,2,0,T,T,
3211,2,2,0,T,T,
3212,2,2,0,T,T,
3213,2,2,0,T,T,
3214,2,2,0,G,G,
3215,2,2,0,T,T,
3216,2,2,0,T,T,
3217,2,2,0,A,A,
3218,2,2,0,A,A,
3219,2,2,0,G,G,
3220,2,2,0,A,A,
3221,2,2,0,T,T,
3222,2,2,0,T,T,
3223,2,2,0,C,C,
3224,8,2,6,A,A,A
3225,6,2,6,A,G,A
3226,8,2,6,G,G,G
3227,6,2,6,C,T,C
3228,8,2,6,C,C,C
3229,8,2,6,A,A,A
3230,8,2,6,A,A,A
3231,8,2,6,A,A,A
3232,8,2,6,G,G,G
3233,8,2,6,A,A,A
3234,8,2,6,C,C,C
3235,6,2,6,T,A,T
3236,6,2,6,T,G,T
3237,6,2,6,A,C,A
3238,8,2,6,G,G,G
3239,2,2,0,C,C,
3240,2,2,0,T,T,
3241,4,2,3,C,C,T
3242,7,2,5,A,A,A
3243,6,2,6,T,A,T
3244,8,2,6,A,A,A
3245,6,2,6,T,A,T
3246,6,2,6,T,C,T
3247,8,2,6,T,T,T
3248,6,2,6,T,C,T
3249,6,2,6,C,G,C
3250,6,2,6,T,G,T
3251,8,2,6,T,T,T
3252,6,2,6,T,G,T
3253,6,2,6,T,A,T
3254,6,2,6,C,T,C
3255,7,2,5,C,C,C
3256,6,2,6,T,A,T
3257,6,2,6,C,T,C
3258,6,2,6,T,A,T
3259,8,2,6,G,G,G
3260,8,2,6,T,T,T
3261,6,2,6,C,T,C
3262,6,2,6,C,G,C
3263,6,2,6,C,A,C
3264,8,2,6,T,T,T
3265,6,2,6,T,A,T
3266,2,2,2,A,A,C
3267,6,2,6,C,G,C
3268,6,2,6,C,A,C
3269,6,2,6,C,A,C
3270,8,2,6,C,C,C
3271,4,2,4,A,G,A
3272,5,2,5,T,G,T
3273,6,2,6,A,T,A
3274,8,2,6,A,A,A
3275,8,2,6,G,G,G
3276,7,1,6,C,A,C
3277,8,2,6,C,C,C
3278,8,2,6,T,T,T
3279,6,0,6,C,,C
3280,6,2,6,C,T,C
3281,6,2,6,A,G,A
3282,8,2,6,T,T,T
3283,8,2,6,T,T,T
3284,8,2,6,T,T,T
3285,8,2,6,A,A,A
3286,6,2,6,G,C,G
3287,6,2,6,T,C,T
3288,8,2,6,T,T,T
3289,6,2,6,C,G,C
3290,6,2,6,T,G,T
3291,8,2,6,T,T,T
3292,6,2,6,T,G,T
3293,8,2,6,G,G,G
3294,6,2,6,T,A,T
3295,6,2,6,T,G,T
3296,8,2,6,A,A,A
3297,6,2,6,T,A,T
3298,7,2,5,T,T,T
3299,6,2,6,T,C,T
3300,6,2,6,T,C,T
3301,8,2,6,T,T,T
3302,8,2,6,G,G,G
3303,6,2,6,T,G,T
3304,6,2,6,T,G,T
3305,6,2,6,T,G,T
3306,6,2,6,C,G,C
3307,8,2,6,T,T,T
3308,8,2,6,T,T,T
3309,6,2,6,C,A,C
3310,6,2,6,C,T,C
3311,6,2,6,A,G,A
3312,6,2,6,A,T,A
3313,6,2,6,A,G,A
3314,8,2,6,G,G,G
3315,7,2,5,C,C,C
3316,5,2,5,A,G,A
3317,6,2,6,C,T,C
3318,8,2,6,A,A,A
3319,8,2,6,T,T,T
3320,6,2,6,T,A,T
3321,8,2,6,G,G,G
3322,6,2,6,A,T,A
3323,8,2,6,A,A,A
3324,8,2,6,A,A,A
3325,8,2,6,G,G,G
3326,6,2,6,A,G,A
3327,2,2,0,C,C,
3328,2,2,0,T,T,
3329,7,2,5,G,G,G
3330,6,2,6,A,C,A
3331,8,2,6,A,A,A
3332,6,2,6,C,A,C
3333,8,2,6,C,C,C
3334,8,2,6,A,A,A
3335,8,2,6,G,G,G
3336,8,2,6,T,T,T
3337,8,2,6,T,T,T
3338,6,2,6,T,A,T
3339,8,2,6,C,C,C
3340,6,2,6,A,T,A
3341,8,2,6,G,G,G
3342,8,2,6,G,G,G
3343,8,2,6,T,T,T
3344,6,2,6,G,A,G
3345,6,2,6,T,A,T
3346,6,2,6,T,A,T
3347,6,2,6,T,C,T
3348,6,2,6,A,T,A
3349,7,2,5,G,G,G
3350,6,2,6,T,G,T
3351,8,2,6,T,T,T
3352,5,2,5,G,C,G
3353,8,2,6,C,C,C
3354,8,2,6,A,A,A
3355,6,2,6,G,T,G
3356,6,2,6,A,G,A
3357,8,2,6,C,C,C
3358,8,2,6,T,T,T
3359,5,2,5,C,A,C
3360,5,2,3,A,A,A
3361,6,2,6,G,T,G
3362,8,2,6,T,T,T
3363,8,2,6,T,T,T
3364,8,2,6,T,T,T
3365,8,2,6,G,G,G
3366,6,2,6,T,G,T
3367,6,2,6,C,T,C
3368,2,2,0,A,A,
3369,2,2,0,C,C,
3370,2,2,0,T,T,
3371,2,2,0,A,A,
3372,2,2,0,A,A,
3373,2,2,0,A,A,
3374,2,2,0,A,A,
3375,2,2,0,A,A,
3376,8,2,6,A,A,A
3377,8,2,6,G,G,G
3378,8,2,6,A,A,A
3379,5,2,5,C,T,C
3380,8,2,6,T,T,T
3381,8,2,6,T,T,T
3382,4,2,3,T,T,C
3383,5,2,5,A,G,A
3384,7,2,5,A,A,A
3385,5,2,5,A,G,A
3386,8,2,6,G,G,G
3387,8,2,6,A,A,A
3388,6,2,6,A,T,A
3389,7,2,5,T,T,T
3390,6,2,6,A,T,A
3391,8,2,6,A,A,A
3392,7,1,6,T,C,T
3393,8,2,6,A,A,A
3394,6,2,4,C,C,C
3395,6,2,4,A,A,A
3396,8,2,6,C,C,C
3397,8,2,6,T,T,T
3398,6,2,6,G,C,G
3399,8,2,6,C,C,C
3400,6,2,6,C,T,C
3401,6,2,6,A,G,A
3402,5,2,5,A,T,A
3403,6,2,6,A,G,A
3404,5,2,5,T,A,T
3405,5,2,5,T,A,T
3406,8,2,6,T,T,T
3407,6,2,6,T,G,T
3408,8,2,6,G,G,G
3409,6,2,6,G,A,G
3410,5,2,5,C,T,C
3411,8,2,6,C,C,C
3412,2,2,0,T,T,
3413,8,2,6,A,A,A
3414,5,2,5,A,T,A
3415,8,2,6,A,A,A
3416,8,2,6,G,G,G
3417,8,2,6,T,T,T
3418,8,2,6,G,G,G
3419,6,2,6,T,A,T
3420,7,2,5,T,T,T
3421,5,2,5,A,T,A
3422,5,2,5,A,G,A
3423,8,2,6,T,T,T
3424,8,2,6,C,C,C
3425,6,2,6,T,A,T
3426,6,2,6,T,G,T
3427,8,2,6,A,A,A
3428,7,2,5,G,G,G
3429,2,2,0,C,C,
3430,2,2,0,A,A,
3431,7,2,5,G,G,G
3432,8,2,6,G,G,G
3433,8,2,6,G,G,G
3434,8,2,6,A,A,A
3435,5,2,5,G,A,G
3436,8,2,6,A,A,A
3437,6,2,6,G,A,G
3438,6,2,6,C,T,C
3439,5,2,5,T,C,T
3440,6,2,6,T,A,T
3441,6,2,6,T,C,T
3442,8,2,6,C,C,C
3443,8,2,6,T,T,T
3444,6,2,6,G,T,G
3445,8,2,6,T,T,T
3446,6,2,6,C,G,C
3447,8,2,6,C,C,C
3448,2,2,0,A,A,
3449,2,2,0,G,G,
3450,2,2,0,A,A,
3451,2,2,0,A,A,
3452,2,2,0,A,A,
3453,2,2,0,A,A,
3454,2,2,0,G,G,
3455,2,2,0,G,G,
3456,2,2,0,T,T,
3457,8,2,6,T,T,T
3458,6,2,6,T,G,T
3459,6,2,6,T,C,T
3460,6,2,6,T,A,T
3461,6,2,6,G,A,G
3462,6,2,6,G,A,G
3463,6,2,6,C,T,C
3464,6,2,6,A,G,A
3465,8,2,6,C,C,C
3466,8,2,6,T,T,T
3467,8,2,6,G,G,G
3468,8,2,6,A,A,A
3469,5,2,5,G,A,G
3470,8,2,6,A,A,A
3471,6,2,6,T,G,T
3472,6,2,6,A,C,A
3473,8,2,6,T,T,T
3474,8,2,6,T,T,T
3475,6,2,6,T,A,T
3476,8,2,6,A,A,A
3477,6,2,6,T,A,T
3478,8,2,6,T,T,T
3479,8,2,6,G,G,G
3480,2,2,0,C,C,
3481,2,2,0,A,A,
3482,2,2,0,A,A,
3483,8,2,6,T,T,T
3484,8,2,6,T,T,T
3485,6,2,6,T,G,T
3486,6,2,6,A,G,A
3487,8,2,6,T,T,T
3488,6,2,6,T,G,T
3489,8,2,6,T,T,T
3490,6,2,6,A,G,A
3491,8,2,6,T,T,T
3492,6,2,6,C,T,C
3493,6,2,6,A,G,A
3494,6,2,6,G,A,G
3495,8,2,6,T,T,T
3496,2,2,0,A,A,
3497,2,2,0,T,T,
3498,2,2,0,A,A,
3499,2,2,0,C,C,
3500,2,2,0,A,A,
3501,2,2,0,T,T,
3502,2,2,0,G,G,
3503,2,2,0,G,G,
3504,2,2,0,A,A,
3505,2,2,0,C,C,
3506,2,2,0,C,C,
3507,2,2,0,A,A,
3508,8,2,6,G,G,G
3509,8,2,6,A,A,A
3510,8,2,6,C,C,C
3511,6,2,6,A,T,A
3512,6,2,6,G,A,G
3513,8,2,6,A,A,A
3514,6,2,6,G,A,G
3515,8,2,6,T,T,T
3516,8,2,6,T,T,T
3517,6,2,6,C,T,C
3518,6,2,6,A,C,A
3519,8,2,6,C,C,C
3520,6,2,6,T,C,T
3521,8,2,6,A,A,A
3522,8,2,6,T,T,T
3523,6,2,6,A,T,A
3524,6,2,6,A,G,A
3525,6,2,6,A,T,A
3526,8,2,6,T,T,T
3527,5,2,5,G,A,G
3528,4,2,4,A,A,G
3529,6,2,6,T,C,T
3530,8,2,6,G,G,G
3531,2,2,0,C,C,
3532,2,2,0,A,A,
3533,2,2,0,G,G,
3534,2,2,0,A,A,
3535,2,2,0,A,A,
3536,3,2,3,T,C,T
3537,7,2,5,T,T,T
3538,8,2,6,T,T,T
3539,8,2,6,T,T,T
3540,6,2,6,T,C,T
3541,6,2,6,T,A,T
3542,8,2,6,T,T,T
3543,8,2,6,T,T,T
3544,4,2,4,T,C,T
3545,6,2,6,A,T,A
3546,8,2,6,T,T,T
3547,6,2,6,A,T,A
3548,8,2,6,G,G,G
3549,6,2,6,A,G,A
3550,8,2,6,A,A,A
3551,6,2,6,T,C,T
3552,8,2,6,A,A,A
3553,8,2,6,T,T,T
3554,6,2,6,A,G,A
3555,6,2,6,A,C,A
3556,8,2,6,T,T,T
3557,6,2,6,T,C,T
3558,8,2,6,A,A,A
3559,8,2,6,T,T,T
3560,8,2,6,C,C,C
3561,2,2,0,T,T,
3562,8,2,6,G,G,G
3563,8,2,6,G,G,G
3564,6,2,6,A,G,A
3565,6,2,6,A,G,A
3566,6,2,6,G,A,G
3567,8,2,6,C,C,C
3568,8,2,6,A,A,A
3569,8,2,6,G,G,G
3570,6,0,6,T,,T
3571,6,0,6,G,,G
3572,6,0,6,C,,C
3573,6,0,6,C,,C
3574,6,0,6,T,,T
3575,6,0,6,T,,T
3576,6,0,6,C,,C
3577,6,0,6,C,,C
3578,6,0,6,A,,A
3579,6,0,6,T,,T
3580,6,0,6,A,,A
3581,6,0,6,A,,A
3582,6,0,6,T,,T
3583,6,0,6,T,,T
3584,6,2,6,A,G,A
3585,8,2,6,T,T,T
3586,8,2,6,G,G,G
3587,8,2,6,A,A,A
3588,8,2,6,C,C,C
3589,6,2,6,A,C,A
3590,6,2,6,G,C,G
3591,8,2,6,T,T,T
3592,8,2,6,T,T,T
3593,8,2,6,A,A,A
3594,6,2,6,T,C,T
3595,8,2,6,A,A,A
3596,8,2,6,C,C,C
3597,6,2,6,T,A,T
3598,6,2,6,G,C,G
3599,6,2,6,T,C,T
3600,6,2,6,C,T,C
3601,8,2,6,G,G,G
3602,8,2,6,G,G,G
3603,2,2,0,A,A,
3604,2,2,0,T,T,
3605,2,2,0,T,T,
3606,2,2,0,C,C,
3607,2,2,0,C,C,
3608,3,2,3,T,C,T
3609,8,2,6,T,T,T
3610,8,2,6,T,T,T
3611,6,2,6,T,C,T
3612,6,2,6,T,C,T
3613,8,2,6,T,T,T
3614,8,2,6,T,T,T
3615,6,2,6,T,C,T
3616,8,2,6,A,A,A
3617,8,2,6,A,A,A
3618,6,2,6,A,T,A
3619,6,2,6,T,C,T
3620,8,2,6,A,A,A
3621,6,2,6,A,C,A
3622,8,2,6,A,A,A
3623,6,2,6,A,C,A
3624,6,2,6,G,T,G
3625,8,2,6,C,C,C
3626,8,2,6,A,A,A
3627,8,2,6,G,G,G
3628,6,2,6,C,T,C
3629,6,2,6,A,T,A
3630,8,2,6,T,T,T
3631,8,2,6,C,C,C
3632,6,2,6,T,C,T
3633,6,2,6,G,A,G
3634,8,2,6,C,C,C
3635,6,2,6,T,C,T
3636,6,0,6,A,,A
3637,8,2,6,A,A,A
3638,8,2,6,T,T,T
3639,6,2,6,A,C,A
3640,6,2,6,A,T,A
3641,6,2,6,A,C,A
3642,6,2,6,A,G,A
3643,6,2,6,C,G,C
3644,5,2,3,T,T,C
3645,8,2,6,C,C,C
3646,8,2,6,A,A,A
3647,6,2,6,A,T,A
3648,8,2,6,C,C,C
3649,8,2,6,A,A,A
3650,8,2,6,G,G,G
3651,6,2,6,A,G,A
3652,6,0,6,T,,T
3653,8,2,6,A,A,A
3654,6,2,6,C,T,C
3655,8,2,6,T,T,T
3656,8,2,6,G,G,G
3657,6,2,6,G,C,G
3658,6,2,6,A,C,A
3659,6,2,6,A,T,A
3660,6,2,6,G,A,G
3661,6,2,6,T,A,T
3662,8,2,6,T,T,T
3663,6,2,6,T,A,T
3664,8,2,6,T,T,T
3665,6,2,6,G,A,G
3666,8,2,6,C,C,C
3667,6,2,6,A,C,A
3668,8,2,6,T,T,T
3669,6,2,6,T,G,T
3670,8,2,6,T,T,T
3671,6,2,6,A,C,A
3672,6,2,6,T,C,T
3673,6,2,6,G,A,G
3674,8,2,6,G,G,G
3675,6,2,6,T,A,T
3676,8,2,6,C,C,C
3677,8,2,6,A,A,A
3678,7,1,6,A,A,A
3679,5,2,5,C,T,C
3680,6,2,6,A,C,A
3681,5,2,5,C,T,C
3682,6,2,6,T,C,T
3683,6,2,6,T,C,T
3684,8,2,6,A,A,A
3685,6,2,4,G,G,G
3686,6,2,6,G,A,G
3687,8,2,6,G,G,G
3688,6,2,6,G,C,G
3689,8,2,6,T,T,T
3690,6,2,6,T,G,T
3691,6,2,6,T,C,T
3692,8,2,6,T,T,T
3693,4,2,4,A,G,A
3694,6,2,6,G,C,G
3695,7,2,5,A,A,A
3696,6,2,6,A,G,A
3697,8,2,6,A,A,A
3698,8,2,6,A,A,A
3699,6,2,6,C,A,C
3700,8,2,6,A,A,A
3701,8,2,6,G,G,G
3702,8,2,6,C,C,C
3703,6,2,6,C,T,C
3704,8,2,6,G,G,G
3705,5,2,5,C,T,C
3706,4,2,4,A,T,A
3707,6,2,6,A,T,A
3708,8,2,6,G,G,G
3709,6,2,6,C,G,C
3710,6,2,6,C,G,C
3711,8,2,6,A,A,A
3712,8,2,6,A,A,A
3713,6,0,6,A,,A
3714,6,0,6,T,,T
3715,6,0,6,G,,G
3716,6,0,6,T,,T
3717,6,2,6,A,T,A
3718,8,2,6,A,A,A
3719,8,2,6,T,T,T
3720,6,2,6,T,G,T
3721,8,2,6,G,G,G
3722,8,2,6,A,A,A
3723,8,2,6,A,A,A
3724,6,2,6,T,G,T
3725,6,2,6,A,G,A
3726,8,2,6,A,A,A
3727,5,2,5,A,G,A
3728,6,2,6,G,A,G
3729,6,2,6,T,C,T
3730,8,2,6,T,T,T
3731,8,2,6,G,G,G
3732,6,2,6,A,T,A
3733,6,2,6,A,C,A
3734,6,2,6,G,C,G
3735,8,2,6,C,C,C
3736,8,2,6,T,T,T
3737,6,2,6,A,C,A
3738,6,2,6,A,T,A
3739,8,2,6,G,G,G
3740,8,2,6,A,A,A
3741,6,2,6,T,C,T
3742,7,2,5,T,T,T
3743,6,2,6,T,G,T
3744,6,2,6,A,G,A
3745,6,2,6,G,A,G
3746,8,2,6,A,A,A
3747,6,2,6,G,A,G
3748,8,2,6,A,A,A
3749,6,2,6,T,C,T
3750,6,2,6,G,A,G
3751,6,2,6,A,G,A
3752,8,2,6,A,A,A
3753,6,2,6,T,C,T
3754,6,0,6,T,,T
3755,6,0,6,A,,A
3756,5,0,5,A,,A
3757,6,0,6,A,,A
3758,8,2,6,T,T,T
3759,6,2,6,T,C,T
3760,8,2,6,T,T,T
3761,8,2,6,A,A,A
3762,6,2,6,A,C,A
3763,6,2,6,T,A,T
3764,8,2,6,T,T,T
3765,6,2,6,A,G,A
3766,6,2,6,G,T,G
3767,6,2,6,G,A,G
3768,8,2,6,G,G,G
3769,6,2,4,G,G,G
3770,6,2,6,T,A,T
3771,8,2,6,T,T,T
3772,8,2,6,G,G,G
3773,6,2,6,C,G,C
3774,8,2,6,T,T,T
3775,8,2,6,A,A,A
3776,8,2,6,A,A,A
3777,6,0,6,G,,G
3778,6,0,6,A,,A
3779,6,0,6,A,,A
3780,6,0,6,G,,G
3781,4,0,4,T,,T
3782,6,0,6,G,,G
3783,6,0,6,A,,A
3784,6,0,6,G,,G
3785,6,0,6,C,,C
3786,4,2,4,A,C,A
3787,8,2,6,C,C,C
3788,8,2,6,T,T,T
3789,6,2,6,G,C,G
3790,8,2,6,A,A,A
3791,6,2,6,C,G,C
3792,6,2,6,C,A,C
3793,8,2,6,A,A,A
3794,6,2,6,G,A,G
3795,6,2,6,A,G,A
3796,6,2,6,T,C,T
3797,8,2,6,A,A,A
3798,8,2,6,A,A,A
3799,7,2,5,G,G,G
3800,8,2,6,A,A,A
3801,8,2,6,A,A,A
3802,8,2,6,T,T,T
3803,8,2,6,G,G,G
3804,5,2,5,C,T,C
3805,6,2,6,T,G,T
3806,8,2,6,A,A,A
3807,6,2,6,G,A,G
3808,6,2,6,T,G,T
3809,6,2,6,T,C,T
3810,8,2,6,T,T,T
3811,6,2,6,T,C,T
3812,6,2,6,C,A,C
3813,8,2,6,C,C,C
3814,8,2,6,T,T,T
3815,5,2,5,A,G,A
3816,6,2,6,A,T,A
3817,6,2,6,A,G,A
3818,6,2,6,T,A,T
3819,8,2,6,G,G,G
3820,8,2,6,C,C,C
3821,8,2,6,A,A,A
3822,8,2,6,A,A,A
3823,8,2,6,T,T,T
3824,8,2,6,G,G,G
3825,6,2,6,A,T,A
3826,5,2,5,A,G,A
3827,6,2,6,T,C,T
3828,8,2,6,T,T,T
3829,8,2,6,G,G,G
3830,6,2,6,T,A,T
3831,6,2,6,G,A,G
3832,8,2,6,A,A,A
3833,5,0,5,C,,C
3834,6,0,6,C,,C
3835,6,2,6,A,G,A
3836,8,2,6,A,A,A
3837,8,2,6,G,G,G
3838,6,2,6,T,A,T
3839,8,2,6,T,T,T
3840,7,2,5,A,A,A
3841,6,2,6,T,A,T
3842,8,2,6,A,A,A
3843,8,2,6,A,A,A
3844,7,2,5,A,A,A
3845,8,2,6,T,T,T
3846,6,2,6,A,T,A
3847,6,2,6,A,C,A
3848,6,2,6,A,T,A
3849,8,2,6,T,T,T
3850,6,2,6,G,A,G
3851,5,2,5,T,A,T
3852,8,2,6,C,C,C
3853,8,2,6,A,A,A
3854,6,2,6,C,T,C
3855,2,2,0,C,C,
3856,2,2,0,T,T,
3857,2,2,0,T,T,
3858,2,2,0,T,T,
3859,2,2,0,G,G,
3860,2,2,0,G,G,
3861,2,2,0,A,A,
3862,2,2,0,G,G,
3863,2,2,0,T,T,
3864,2,2,0,T,T,
3865,2,2,0,A,A,
3866,8,2,6,T,T,T
3867,8,2,6,T,T,T
3868,8,2,6,A,A,A
3869,8,2,6,A,A,A
3870,8,2,6,A,A,A
3871,8,2,6,G,G,G
3872,8,2,6,G,G,G
3873,8,2,6,C,C,C
3874,8,2,6,T,T,T
3875,6,0,6,G,,G
3876,8,2,6,T,T,T
3877,6,2,6,G,T,G
3878,8,2,6,G,G,G
3879,5,2,3,T,T,A
3880,8,2,6,A,A,A
3881,8,2,6,G,G,G
3882,6,2,6,T,A,T
3883,8,2,6,A,A,A
3884,8,2,6,C,C,C
3885,6,2,6,T,C,T
3886,6,2,6,C,A,C
3887,5,2,5,C,G,C
3888,5,2,5,T,A,T
3889,5,2,5,G,T,G
3890,8,2,6,C,C,C
3891,8,2,6,A,A,A
3892,5,2,3,C,C,A
3893,6,2,6,A,T,A
3894,8,2,6,A,A,A
3895,8,2,6,T,T,T
3896,6,2,6,T,G,T
3897,8,2,6,T,T,T
3898,8,2,6,T,T,T
3899,6,2,6,A,G,A
3900,8,2,6,T,T,T
3901,8,2,6,A,A,A
3902,8,2,6,G,G,G
3903,6,2,6,C,T,C
3904,8,2,6,T,T,T
3905,6,2,6,C,G,C
3906,5,2,5,A,G,A
3907,8,2,6,G,G,G
3908,6,2,6,T,G,T
3909,6,2,6,T,C,T
3910,6,0,6,T,,T
3911,6,0,6,A,,A
3912,6,2,6,T,C,T
3913,8,2,6,C,C,C
3914,6,2,6,C,A,C
3915,6,2,6,A,G,A
3916,8,2,6,A,A,A
3917,8,2,6,G,G,G
3918,6,2,6,G,A,G
3919,6,2,6,T,G,T
3920,7,2,5,A,A,A
3921,8,2,6,T,T,T
3922,6,2,6,A,G,A
3923,6,2,6,A,C,A
3924,6,2,6,C,A,C
3925,8,2,6,T,T,T
3926,5,2,5,C,G,C
3927,6,2,6,T,G,T
3928,6,2,6,A,G,A
3929,6,2,6,A,G,A
3930,6,2,6,T,C,T
3931,6,2,6,T,C,T
3932,8,2,6,C,C,C
3933,6,2,6,C,T,C
3934,6,2,6,C,G,C
3935,6,2,6,A,G,A
3936,6,2,6,T,A,T
3937,5,2,5,T,G,T
3938,6,2,6,T,C,T
3939,8,2,6,T,T,T
3940,8,2,6,G,G,G
3941,8,2,6,C,C,C
3942,8,2,6,A,A,A
3943,8,2,6,A,A,A
3944,8,2,6,A,A,A
3945,8,2,6,A,A,A
3946,8,2,6,T,T,T
3947,6,2,6,T,C,T
3948,6,2,6,T,C,T
3949,6,2,6,C,G,C
3950,6,2,6,C,G,C
3951,6,2,6,A,T,A
3952,8,2,6,G,G,G
3953,8,2,6,T,T,T
3954,8,2,6,A,A,A
3955,6,0,6,C,,C
3956,6,0,6,C,,C
3957,6,0,6,T,,T
3958,6,0,6,T,,T
3959,6,0,6,T,,T
3960,8,2,6,G,G,G
3961,6,2,6,T,G,T
3962,8,2,6,C,C,C
3963,8,2,6,A,A,A
3964,8,2,6,C,C,C
3965,8,2,6,A,A,A
3966,6,2,6,A,G,A
3967,6,2,6,T,C,T
3968,6,2,6,C,T,C
3969,7,2,5,C,C,C
3970,8,2,6,T,T,T
3971,6,2,6,A,C,A
3972,6,2,6,A,C,A
3973,6,2,6,C,T,C
3974,8,2,6,A,A,A
3975,6,2,6,C,T,C
3976,6,2,6,A,T,A
3977,6,2,6,T,G,T
3978,6,2,6,T,A,T
3979,8,2,6,A,A,A
3980,6,2,6,T,A,T
3981,8,2,6,C,C,C
3982,6,2,6,G,T,G
3983,6,2,6,G,T,G
3984,8,2,6,G,G,G
3985,6,2,6,A,C,A
3986,6,2,6,G,C,G
3987,8,2,6,C,C,C
3988,8,2,6,A,A,A
3989,8,2,6,G,G,G
3990,2,2,0,A,A,
3991,8,2,6,T,T,T
3992,8,2,6,G,G,G
3993,8,2,6,T,T,T
3994,6,2,6,C,T,C
3995,6,2,6,T,C,T
3996,8,2,6,T,T,T
3997,8,2,6,C,C,C
3998,6,2,6,C,A,C
3999,6,2,6,A,G,A
4000,7,1,6,T,A,T
4001,6,2,6,A,T,A
4002,8,2,6,A,A,A
4003,8,2,6,T,T,T
4004,8,2,6,G,G,G
4005,6,2,6,T,G,T
4006,6,2,6,A,T,A
4007,6,2,6,T,C,T
4008,5,2,5,A,T,A
4009,6,2,6,A,T,A
4010,8,2,6,A,A,A
4011,6,2,6,G,A,G
4012,8,2,6,A,A,A
4013,8,2,6,A,A,A
4014,6,2,6,C,G,C
4015,8,2,6,A,A,A
4016,6,2,6,A,T,A
4017,8,2,6,G,G,G
4018,8,2,6,G,G,G
4019,6,0,6,T,,T
4020,6,0,6,A,,A
4021,8,2,6,G,G,G
4022,7,2,5,T,T,T
4023,8,2,6,T,T,T
4024,8,2,6,T,T,T
4025,6,2,6,T,C,T
4026,6,2,6,T,A,T
4027,5,2,5,A,G,A
4028,8,2,6,C,C,C
4029,8,2,6,C,C,C
4030,6,2,6,T,C,T
4031,8,2,6,A,A,A
4032,6,2,6,C,G,C
4033,8,2,6,C,C,C
4034,8,2,6,A,A,A
4035,2,2,0,G,G,
4036,2,2,0,A,A,
4037,2,2,0,A,A,
4038,2,2,0,G,G,
4039,8,2,6,C,C,C
4040,8,2,6,A,A,A
4041,6,2,6,G,T,G
4042,5,2,3,T,T,T
4043,6,2,6,G,A,G
4044,8,2,6,T,T,T
4045,8,2,6,C,C,C
4046,8,2,6,T,T,T
4047,5,2,5,G,T,G
4048,8,2,6,T,T,T
4049,6,2,6,A,G,A
4050,6,2,6,T,C,T
4051,8,2,6,C,C,C
4052,6,2,6,G,A,G
4053,8,2,6,G,G,G
4054,6,2,6,A,T,A
4055,6,2,6,G,T,G
4056,5,2,5,A,G,A
4057,6,2,6,C,G,C
4058,8,2,6,A,A,A
4059,8,2,6,G,G,G
4060,8,2,6,T,T,T
4061,8,2,6,G,G,G
4062,3,0,3,A,,A
4063,5,0,5,T,,T
4064,8,2,6,C,C,C
4065,8,2,6,T,T,T
4066,6,2,6,C,G,C
4067,6,2,6,C,G,C
4068,8,2,6,A,A,A
4069,6,2,6,T,G,T
4070,8,2,6,A,A,A
4071,6,2,6,T,C,T
4072,6,2,6,G,T,G
4073,8,2,6,T,T,T
4074,8,2,6,T,T,T
4075,6,2,6,A,G,A
4076,6,2,6,C,G,C
4077,8,2,6,A,A,A
4078,6,2,6,C,T,C
4079,6,2,6,T,C,T
4080,3,2,2,G,G,A
4081,6,2,6,A,G,A
4082,6,2,6,A,T,A
4083,6,2,6,G,T,G
4084,8,2,6,G,G,G
4085,8,2,6,G,G,G
4086,8,2,6,T,T,T
4087,8,2,6,G,G,G
4088,6,2,6,T,C,T
4089,6,2,6,A,C,A
4090,7,2,5,A,A,A
4091,6,2,6,G,C,G
4092,8,2,6,T,T,T
4093,6,2,6,A,G,A
4094,8,2,6,A,A,A
4095,6,2,6,T,A,T
4096,8,2,6,T,T,T
4097,6,2,6,A,G,A
4098,6,2,6,T,G,T
4099,8,2,6,C,C,C
4100,6,2,6,G,T,G
4101,7,1,6,G,A,G
4102,8,2,6,G,G,G
4103,8,2,6,A,A,A
4104,5,2,5,A,G,A
4105,6,2,6,C,G,C
4106,6,2,6,A,G,A
4107,6,2,6,G,A,G
4108,7,2,5,T,T,T
4109,6,2,6,G,A,G
4110,6,2,6,T,C,T
4111,6,2,6,T,C,T
4112,8,2,6,T,T,T
4113,6,2,6,C,T,C
4114,6,2,6,C,T,C
4115,8,2,6,C,C,C
4116,5,2,5,A,G,A
4117,6,0,6,T,,T
4118,6,0,6,A,,A
4119,6,0,6,A,,A
4120,6,0,6,T,,T
4121,8,2,6,T,T,T
4122,6,2,6,T,C,T
4123,6,2,6,T,C,T
4124,8,2,6,C,C,C
4125,8,2,6,T,T,T
4126,6,2,6,T,G,T
4127,8,2,6,C,C,C
4128,8,2,6,A,A,A
4129,8,2,6,T,T,T
4130,6,2,6,G,T,G
4131,6,2,6,C,T,C
4132,8,2,6,A,A,A
4133,8,2,6,A,A,A
4134,6,2,6,T,A,T
4135,8,2,6,G,G,G
4136,6,2,6,A,G,A
4137,8,2,6,C,C,C
4138,6,2,6,A,T,A
4139,8,2,6,T,T,T
4140,6,2,6,C,T,C
4141,6,2,6,T,C,T
4142,6,2,6,T,A,T
4143,8,2,6,C,C,C
4144,6,2,6,A,T,A
4145,6,2,6,A,T,A
4146,8,2,6,A,A,A
4147,6,1,6,G,C,G
4148,6,2,6,C,A,C
4149,8,2,6,T,T,T
4150,8,2,6,T,T,T
4151,6,2,6,G,A,G
4152,8,2,6,A,A,A
4153,2,2,0,T,T,
4154,2,2,0,C,C,
4155,2,2,0,T,T,
4156,2,2,0,G,G,
4157,2,2,0,G,G,
4158,2,2,0,A,A,
4159,2,2,0,T,T,
4160,8,2,6,A,A,A
4161,6,2,6,G,A,G
4162,8,2,6,A,A,A
4163,6,2,6,T,G,T
4164,8,2,6,C,C,C
4165,8,2,6,G,G,G
4166,6,2,6,T,G,T
4167,8,2,6,T,T,T
4168,6,2,6,A,T,A
4169,6,2,6,G,C,G
4170,8,2,6,T,T,T
4171,6,2,6,A,T,A
4172,6,2,6,T,G,T
4173,6,2,6,C,G,C
4174,8,2,6,T,T,T
4175,8,2,6,A,A,A
4176,6,2,6,A,C,A
4177,8,2,6,C,C,C
4178,8,2,6,A,A,A
4179,6,2,6,T,G,T
4180,6,2,6,G,C,G
4181,6,2,6,T,A,T
4182,8,2,6,A,A,A
4183,4,2,4,T,C,T
4184,8,2,6,T,T,T
4185,6,2,6,C,T,C
4186,8,2,6,C,C,C
4187,6,2,6,C,A,C
4188,8,2,6,A,A,A
4189,6,2,6,A,G,A
4190,2,2,0,G,G,
4191,2,2,0,T,T,
4192,6,2,6,C,T,C
4193,8,2,6,T,T,T
4194,8,2,6,C,C,C
4195,6,2,6,C,T,C
4196,6,2,6,T,G,T
4197,4,2,4,A,C,A
4198,6,2,6,T,C,T
4199,8,2,6,A,A,A
4200,6,2,6,A,G,A
4201,6,2,6,T,C,T
4202,6,2,6,T,C,T
4203,8,2,6,C,C,C
4204,6,2,6,C,A,C
4205,8,2,6,C,C,C
4206,7,2,5,T,T,T
4207,5,2,5,A,G,A
4208,8,2,6,T,T,T
4209,6,2,6,C,T,C
4210,6,2,6,T,G,T
4211,8,2,6,T,T,T
4212,6,2,6,T,A,T
4213,8,2,6,T,T,T
4214,8,2,6,A,A,A
4215,5,2,5,G,C,G
4216,6,2,6,T,G,T
4217,6,2,6,T,C,T
4218,8,2,6,T,T,T
4219,8,2,6,T,T,T
4220,8,2,6,A,A,A
4221,6,0,6,G,,G
4222,8,2,6,T,T,T
4223,8,2,6,T,T,T
4224,8,2,6,G,G,G
4225,5,2,5,C,A,C
4226,6,2,6,A,G,A
4227,6,2,6,G,A,G
4228,8,2,6,A,A,A
4229,8,2,6,A,A,A
4230,8,2,6,A,A,A
4231,8,2,6,C,C,C
4232,8,2,6,A,A,A
4233,6,2,6,T,A,T
4234,8,2,6,T,T,T
4235,6,2,6,T,G,T
4236,6,2,6,T,C,T
4237,6,2,6,G,A,G
4238,6,2,6,T,A,T
4239,6,2,6,G,A,G
4240,6,2,6,G,A,G
4241,8,2,6,T,T,T
4242,6,0,6,C,,C
4243,6,2,6,A,G,A
4244,8,2,6,T,T,T
4245,6,2,6,T,G,T
4246,7,2,5,A,A,A
4247,8,2,6,A,A,A
4248,8,2,6,G,G,G
4249,8,2,6,C,C,C
4250,8,2,6,A,A,A
4251,8,2,6,T,T,T
4252,6,2,6,T,C,T
4253,6,2,6,T,C,T
4254,8,2,6,G,G,G
4255,8,2,6,G,G,G
4256,2,2,0,T,T,
4257,2,2,0,T,T,
4258,2,2,0,A,A,
4259,2,2,0,C,C,
4260,8,2,6,T,T,T
4261,8,2,6,G,G,G
4262,8,2,6,G,G,G
4263,8,2,6,G,G,G
4264,6,2,6,T,C,T
4265,8,2,6,A,A,A
4266,8,2,6,A,A,A
4267,6,2,6,A,T,A
4268,8,2,6,T,T,T
4269,6,2,4,T,T,T
4270,8,2,6,C,C,C
4271,6,2,6,A,T,A
4272,8,2,6,A,A,A
4273,6,2,6,C,T,C
4274,6,2,6,C,A,C
4275,6,2,6,A,T,A
4276,8,2,6,C,C,C
4277,6,2,6,T,A,T
4278,8,2,6,G,G,G
4279,6,2,6,T,G,T
4280,8,2,6,A,A,A
4281,6,2,6,A,C,A
4282,8,2,6,A,A,A
4283,6,2,6,A,G,A
4284,6,2,6,T,C,T
4285,6,2,6,G,A,G
4286,8,2,6,A,A,A
4287,6,2,6,A,C,A
4288,6,2,6,A,T,A
4289,6,2,6,T,G,T
4290,6,2,6,T,G,T
4291,6,2,6,A,G,A
4292,8,2,6,C,C,C
4293,5,2,5,T,C,T
4294,7,2,5,A,A,A
4295,2,2,0,G,G,
4296,7,2,5,C,C,C
4297,7,2,5,A,A,A
4298,8,2,6,A,A,A
4299,8,2,6,A,A,A
4300,6,2,6,A,G,A
4301,8,2,6,T,T,T
4302,8,2,6,T,T,T
4303,6,2,6,T,G,T
4304,6,2,6,G,A,G
4305,6,2,6,A,G,A
4306,8,2,6,A,A,A
4307,7,2,5,A,A,A
4308,6,2,6,T,A,T
4309,6,2,6,T,C,T
4310,8,2,6,T,T,T
4311,5,2,5,A,C,A
4312,6,2,4,A,A,A
4313,7,2,5,C,C,C
4314,5,2,5,G,T,G
4315,8,2,6,T,T,T
4316,6,2,6,G,T,G
4317,6,2,6,G,A,G
4318,8,2,6,G,G,G
4319,5,2,5,T,A,T
4320,6,2,6,T,C,T
4321,6,2,6,T,A,T
4322,6,2,6,T,A,T
4323,8,2,6,T,T,T
4324,7,2,5,G,G,G
4325,5,2,5,T,C,T
4326,8,2,6,T,T,T
4327,6,2,6,A,G,A
4328,4,2,4,C,C,T
4329,6,2,6,C,T,C
4330,8,2,6,T,T,T
4331,6,0,6,T,,T
4332,6,0,6,T,,T
4333,4,0,4,G,,G
4334,6,0,6,T,,T
4335,6,0,6,G,,G
4336,6,0,6,G,,G
4337,6,0,6,T,,T
4338,6,0,6,T,,T
4339,6,0,6,T,,T
4340,1,0,1,C,,C
4341,1,0,1,T,,T
4342,1,0,1,C,,C
4343,1,0,1,C,,C
4344,1,0,1,A,,A
4345,1,0,1,G,,G
4346,1,0,1,G,,G
4347,1,0,1,T,,T
4348,1,0,1,C,,C
4349,1,0,1,C,,C
4350,1,0,1,T,,T
4351,1,0,1,C,,C
4352,1,0,1,T,,T
4353,1,0,1,A,,A
4354,6,2,6,C,T,C
4355,6,2,6,T,C,T
4356,8,2,6,C,C,C
4357,8,2,6,C,C,C
4358,6,2,6,A,T,A
4359,6,2,6,G,T,G
4360,6,2,6,G,T,G
4361,6,2,6,T,C,T
4362,8,2,6,C,C,C
4363,5,2,5,C,T,C
4364,8,2,6,T,T,T
4365,6,2,6,C,G,C
4366,6,2,6,T,C,T
4367,7,2,5,A,A,A
4368,6,2,6,C,T,C
4369,6,2,6,T,A,T
4370,8,2,6,T,T,T
4371,6,2,6,A,T,A
4372,6,2,6,A,C,A
4373,5,2,3,T,T,C
4374,6,2,4,G,G,G
4375,6,2,4,G,G,G
4376,5,2,5,G,A,G
4377,8,2,6,A,A,A
4378,8,2,6,T,T,T
4379,6,2,6,A,C,A
4380,5,2,5,G,C,G
4381,6,2,6,T,C,T
4382,8,2,6,A,A,A
4383,8,2,6,G,G,G
4384,8,2,6,C,C,C
4385,8,2,6,A,A,A
4386,6,2,6,T,G,T
4387,5,2,5,A,T,A
4388,6,2,6,C,T,C
4389,6,2,6,A,T,A
4390,6,2,6,T,C,T
4391,8,2,6,T,T,T
4392,8,2,6,T,T,T
4393,4,2,4,A,T,A
4394,6,2,6,T,C,T
4395,6,2,6,A,T,A
4396,6,2,6,A,G,A
4397,7,2,5,T,T,T
4398,5,2,5,G,T,G
4399,7,2,5,T,T,T
4400,8,2,6,T,T,T
4401,8,2,6,T,T,T
4402,8,2,6,G,G,G
4403,8,2,6,C,C,C
4404,6,0,6,T,,T
4405,6,0,6,A,,A
4406,6,0,6,T,,T
4407,6,0,6,T,,T
4408,7,2,5,G,G,G
4409,8,2,6,A,A,A
4410,6,2,6,C,G,C
4411,6,2,6,A,G,A
4412,8,2,6,A,A,A
4413,5,2,5,G,C,G
4414,6,2,6,T,A,T
4415,7,2,5,C,C,C
4416,7,2,5,A,A,A
4417,5,2,5,T,G,T
4418,6,2,6,T,A,T
4419,8,2,6,T,T,T
4420,8,2,6,T,T,T
4421,8,2,6,A,A,A
4422,6,2,6,A,T,A
4423,8,2,6,C,C,C
4424,5,2,5,T,C,T
4425,8,2,6,T,T,T
4426,8,2,6,T,T,T
4427,8,2,6,A,A,A
4428,8,2,6,T,T,T
4429,6,2,6,C,T,C
4430,6,2,6,A,T,A
4431,6,2,6,C,G,C
4432,5,2,5,C,G,C
4433,6,2,6,T,G,T
4434,8,2,6,T,T,T
4435,8,2,6,A,A,A
4436,6,2,6,T,C,T
4437,6,2,6,T,C,T
4438,6,2,6,T,A,T
4439,6,2,6,G,C,G
4440,8,2,6,C,C,C
4441,8,2,6,A,A,A
4442,7,2,5,T,T,T
4443,8,2,6,G,G,G
4444,6,2,6,T,G,T
4445,6,2,6,T,A,T
4446,2,2,1,C,C,A
4447,8,2,6,A,A,A
4448,7,2,5,C,C,C
4449,8,2,6,C,C,C
4450,8,2,6,T,T,T
4451,6,2,6,C,A,C
4452,6,2,6,C,T,C
4453,6,2,6,T,A,T
4454,7,2,5,A,A,A
4455,6,2,6,T,G,T
4456,6,2,6,A,G,A
4457,8,2,6,A,A,A
4458,8,2,6,A,A,A
4459,8,2,6,C,C,C
4460,8,2,6,T,T,T
4461,6,2,6,T,G,T
4462,8,2,6,A,A,A
4463,6,2,6,G,T,G
4464,8,2,6,T,T,T
4465,7,2,5,G,G,G
4466,6,2,6,C,A,C
4467,7,2,5,G,G,G
4468,6,2,6,G,A,G
4469,5,0,5,A,,A
4470,6,0,6,C,,C
4471,6,0,6,A,,A
4472,6,0,6,A,,A
4473,6,0,6,G,,G
4474,6,0,6,T,,T
4475,6,0,6,T,,T
4476,6,0,6,T,,T
4477,6,0,6,T,,T
4478,6,0,6,A,,A
4479,6,0,6,A,,A
4480,6,0,6,T,,T
4481,4,0,4,C,,C
4482,6,0,6,C,,C
4483,6,0,6,A,,A
4484,6,0,6,G,,G
4485,6,0,6,A,,A
4486,6,0,6,A,,A
4487,6,0,6,T,,T
4488,6,0,6,T,,T
4489,8,2,6,G,G,G
4490,5,2,3,G,G,A
4491,6,2,6,C,A,C
4492,6,2,6,C,T,C
4493,8,2,6,T,T,T
4494,6,2,6,T,C,T
4495,6,2,6,T,C,T
4496,7,2,5,T,T,T
4497,8,2,6,G,G,G
4498,8,2,6,A,A,A
4499,6,2,6,C,G,C
4500,8,2,6,T,T,T
4501,8,2,6,T,T,T
4502,6,2,6,A,G,A
4503,8,2,6,A,A,A
4504,8,2,6,A,A,A
4505,6,2,6,G,C,G
4506,6,2,6,C,A,C
4507,8,2,6,A,A,A
4508,6,2,6,G,A,G
4509,8,2,6,G,G,G
4510,6,2,6,G,T,G
4511,8,2,6,G,G,G
4512,8,2,6,G,G,G
4513,6,2,6,A,C,A
4514,6,2,6,C,A,C
4515,6,2,6,T,C,T
4516,5,2,5,T,G,T
4517,6,2,6,T,A,T
4518,8,2,6,G,G,G
4519,6,2,6,T,C,T
4520,6,2,4,A,A,A
4521,6,0,6,T,,T
4522,5,0,5,A,,A
4523,6,0,6,G,,G
4524,5,0,5,G,,G
4525,5,0,5,A,,A
4526,5,0,5,G,,G
4527,6,0,6,G,,G
4528,5,0,5,T,,T
4529,5,0,5,T,,T
4530,6,0,6,T,,T
4531,5,0,5,G,,G
4532,5,0,5,G,,G
4533,5,0,5,G,,G
4534,6,0,6,G,,G
4535,1,0,1,G,,G
4536,1,0,1,G,,G
4537,1,0,1,A,,A
4538,1,0,1,G,,G
4539,1,0,1,T,,T
4540,1,0,1,G,,G
4541,1,0,1,G,,G
4542,1,0,1,G,,G
4543,1,0,1,G,,G
4544,1,0,1,A,,A
4545,1,0,1,G,,G
4546,1,0,1,T,,T
4547,1,0,1,G,,G
4548,1,0,1,A,,A
4549,1,0,1,A,,A
4550,1,0,1,A,,A
4551,8,2,6,G,G,G
4552,6,2,6,G,C,G
4553,8,2,6,T,T,T
4554,8,2,6,G,G,G
4555,6,2,6,T,C,T
4556,6,2,6,G,A,G
4557,7,2,5,G,G,G
4558,6,2,6,G,A,G
4559,8,2,6,G,G,G
4560,6,0,6,A,,A
4561,5,0,5,G,,G
4562,6,0,6,G,,G
4563,5,0,5,G,,G
4564,6,0,6,A,,A
4565,6,0,6,G,,G
4566,6,0,6,A,,A
4567,8,2,6,G,G,G
4568,8,2,6,T,T,T
4569,8,2,6,C,C,C
4570,6,2,6,C,G,C
4571,8,2,6,C,C,C
4572,6,2,6,C,T,C
4573,4,2,4,A,G,A
4574,7,2,5,G,G,G
4575,6,2,6,A,T,A
4576,6,2,6,A,C,A
4577,6,2,6,G,A,G
4578,4,2,4,A,G,A
4579,7,2,5,T,T,T
4580,6,2,6,C,T,C
4581,5,2,5,T,C,T
4582,5,2,5,T,G,T
4583,8,2,6,T,T,T
4584,8,2,6,G,G,G
4585,8,2,6,A,A,A
4586,3,2,1,T,T,T
4587,6,2,6,C,T,C
4588,8,2,6,A,A,A
4589,5,2,5,C,A,C
4590,6,2,6,G,A,G
4591,6,2,6,T,C,T
4592,6,2,6,C,T,C
4593,6,2,6,T,A,T
4594,5,2,5,G,A,G
4595,8,2,6,C,C,C
4596,8,2,6,C,C,C
4597,6,2,6,T,C,T
4598,5,0,5,A,,A
4599,6,0,6,C,,C
4600,6,0,6,C,,C
4601,5,0,5,C,,C
4602,6,0,6,A,,A
4603,6,0,6,T,,T
4604,5,0,5,T,,T
4605,4,0,4,C,,C
4606,1,0,1,G,,G
4607,1,0,1,T,,T
4608,1,0,1,A,,A
4609,1,0,1,T,,T
4610,1,0,1,A,,A
4611,1,0,1,T,,T
4612,1,0,1,G,,G
4613,6,2,6,G,A,G
4614,8,2,6,T,T,T
4615,8,2,6,G,G,G
4616,6,2,6,G,A,G
4617,8,2,6,T,T,T
4618,5,2,5,T,G,T
4619,6,2,6,A,T,A
4620,8,2,6,T,T,T
4621,5,2,5,A,G,A
4622,8,2,6,A,A,A
4623,8,2,6,A,A,A
4624,8,2,6,T,T,T
4625,8,2,6,T,T,T
4626,6,2,6,A,G,A
4627,8,2,6,A,A,A
4628,8,2,6,A,A,A
4629,6,2,6,T,C,T
4630,6,2,6,G,C,G
4631,8,2,6,T,T,T
4632,6,2,6,A,G,A
4633,8,2,6,G,G,G
4634,6,2,6,G,A,G
4635,6,2,6,T,C,T
4636,1,0,1,A,,A
4637,1,0,1,T,,T
4638,1,0,1,C,,C
4639,2,2,1,T,T,A
4640,8,2,6,A,A,A
4641,8,2,6,T,T,T
4642,7,2,5,G,G,G
4643,8,2,6,A,A,A
4644,6,0,6,A,,A
4645,6,0,6,T,,T
4646,6,0,6,A,,A
4647,6,0,6,A,,A
4648,6,0,6,G,,G
4649,6,0,6,T,,T
4650,5,0,5,T,,T
4651,4,0,4,T,,T
4652,6,0,6,G,,G
4653,5,2,5,A,G,A
4654,8,2,6,A,A,A
4655,8,2,6,G,G,G
4656,5,2,5,C,G,C
4657,8,2,6,T,T,T
4658,7,2,5,A,A,A
4659,8,2,6,C,C,C
4660,6,2,4,A,A,A
4661,6,2,6,T,A,T
4662,6,2,6,G,C,G
4663,1,0,1,A,,A
4664,1,0,1,G,,G
4665,1,0,1,T,,T
4666,1,0,1,A,,A
4667,1,0,1,A,,A
4668,1,0,1,A,,A
4669,1,0,1,G,,G
4670,1,0,1,A,,A
4671,1,0,1,C,,C
4672,1,0,1,T,,T
4673,1,0,1,T,,T
4674,1,0,1,T,,T
4675,1,0,1,A,,A
4676,1,0,1,T,,T
4677,1,0,1,T,,T
4678,1,0,1,T,,T
4679,1,0,1,T,,T
4680,1,0,1,C,,C
4681,1,0,1,T,,T
4682,8,2,6,A,A,A
4683,8,2,6,G,G,G
4684,6,2,6,T,C,T
4685,6,2,6,G,C,G
4686,8,2,6,A,A,A
4687,8,2,6,A,A,A
4688,8,2,6,C,C,C
4689,6,2,6,C,T,C
4690,6,2,6,A,G,A
4691,6,2,6,T,C,T
4692,6,2,6,C,T,C
4693,3,2,3,A,T,A
4694,8,2,6,T,T,T
4695,6,2,6,T,C,T
4696,8,2,6,A,A,A
4697,8,2,6,T,T,T
4698,6,2,6,A,T,A
4699,6,2,6,A,T,A
4700,6,2,6,A,G,A
4701,4,2,4,C,T,C
4702,8,2,6,G,G,G
4703,6,2,6,T,A,T
4704,8,2,6,G,G,G
4705,5,2,5,A,G,A
4706,3,0,3,T,,T
4707,2,0,2,A,,A
4708,4,0,4,A,,A
4709,6,0,6,T,,T
4710,6,0,6,C,,C
4711,6,0,6,A,,A
4712,5,0,5,G,,G
4713,6,0,6,C,,C
4714,6,0,6,T,,T
4715,6,0,6,G,,G
4716,6,0,6,T,,T
4717,6,0,6,T,,T
4718,6,0,6,T,,T
4719,8,2,6,G,G,G
4720,6,2,6,T,A,T
4721,6,2,6,C,T,C
4722,6,2,6,A,C,A
4723,8,2,6,T,T,T
4724,5,2,5,A,G,A
4725,6,2,6,G,A,G
4726,6,2,6,G,A,G
4727,6,2,6,G,C,G
4728,7,2,5,C,C,C
4729,7,2,5,A,A,A
4730,6,2,6,G,A,G
4731,8,2,6,T,T,T
4732,5,2,5,T,A,T
4733,5,2,5,T,C,T
4734,6,2,6,G,A,G
4735,6,2,6,A,G,A
4736,8,2,6,A,A,A
4737,6,2,6,A,G,A
4738,8,2,6,C,C,C
4739,5,2,5,T,A,T
4740,8,2,6,G,G,G
4741,6,2,6,C,A,C
4742,8,2,6,C,C,C
4743,6,2,6,T,A,T
4744,6,2,6,C,T,C
4745,6,2,6,C,A,C
4746,6,2,6,T,A,T
4747,8,2,6,A,A,A
4748,8,2,6,G,G,G
4749,8,2,6,G,G,G
4750,8,2,6,A,A,A
4751,8,2,6,A,A,A
4752,5,2,3,A,A,A
4753,5,2,5,A,T,A
4754,5,2,3,G,G,G
4755,7,2,5,G,G,G
4756,3,0,3,C,,C
4757,6,0,6,T,,T
4758,6,0,6,C,,C
4759,5,0,5,A,,A
4760,6,0,6,T,,T
4761,6,0,6,A,,A
4762,3,0,3,G,,G
4763,6,0,6,G,,G
4764,6,0,6,G,,G
4765,5,0,5,G,,G
4766,6,0,6,T,,T
4767,5,0,5,C,,C
4768,6,0,6,T,,T
4769,6,0,6,C,,C
4770,6,0,6,T,,T
4771,5,0,5,T,,T
4772,3,0,3,G,,G
4773,5,0,5,A,,A
4774,6,0,6,G,,G
4775,4,0,4,G,,G
4776,6,0,6,T,,T
4777,5,0,5,T,,T
4778,1,0,1,T,,T
4779,1,0,1,A,,A
4780,1,0,1,A,,A
4781,1,0,1,A,,A
4782,1,0,1,A,,A
4783,6,0,6,C,,C
4784,6,0,6,T,,T
4785,6,0,6,T,,T
4786,6,0,6,A,,A
4787,6,0,6,G,,G
4788,6,0,6,T,,T
4789,6,0,6,G,,G
4790,6,0,6,T,,T
4791,3,0,3,A,,A
4792,6,0,6,A,,A
4793,6,0,6,C,,C
4794,6,0,6,T,,T
4795,4,0,4,T,,T
4796,6,2,6,A,G,A
4797,8,2,6,C,C,C
4798,7,2,5,C,C,C
4799,8,2,6,T,T,T
4800,6,2,6,A,G,A
4801,1,0,1,G,,G
4802,1,0,1,G,,G
4803,1,0,1,T,,T
4804,1,0,1,T,,T
4805,1,0,1,A,,A
4806,1,0,1,C,,C
4807,1,0,1,A,,A
4808,1,0,1,G,,G
4809,1,0,1,T,,T
4810,1,0,1,A,,A
4811,1,0,1,G,,G
4812,1,0,1,G,,G
4813,1,0,1,T,,T
4814,1,0,1,A,,A
4815,1,0,1,A,,A
4816,1,0,1,C,,C
4817,1,0,1,A,,A
4818,1,0,1,G,,G
4819,6,2,6,G,A,G
4820,6,2,6,A,G,A
4821,8,2,6,T,T,T
4822,8,2,6,T,T,T
4823,7,2,5,T,T,T
4824,8,2,6,A,A,A
4825,8,2,6,C,C,C
4826,8,2,6,A,A,A
4827,8,2,6,G,G,G
4828,6,2,6,C,T,C
4829,6,0,6,C,,C
4830,6,0,6,T,,T
4831,6,0,6,C,,C
4832,6,0,6,A,,A
4833,6,0,6,C,,C
4834,5,0,5,T,,T
4835,1,0,1,C,,C
4836,1,0,1,G,,G
4837,3,0,3,G,,G
4838,6,0,6,G,,G
4839,6,2,6,A,G,A
4840,5,2,5,A,G,A
4841,6,2,6,T,C,T
4842,3,2,3,C,T,C
4843,7,2,5,G,G,G
4844,8,2,6,T,T,T
4845,5,2,5,T,A,T
4846,8,2,6,T,T,T
4847,6,2,6,C,T,C
4848,6,0,6,A,,A
4849,8,2,6,C,C,C
4850,8,2,6,T,T,T
4851,6,2,6,A,G,A
4852,8,2,6,C,C,C
4853,8,2,6,T,T,T
4854,8,2,6,C,C,C
4855,6,2,6,A,G,A
4856,6,2,6,C,T,C
4857,6,2,6,A,G,A
4858,8,2,6,G,G,G
4859,6,2,6,T,A,T
4860,6,2,6,C,G,C
4861,6,2,6,T,A,T
4862,8,2,6,C,C,C
4863,8,2,6,T,T,T
4864,5,0,5,T,,T
4865,5,0,5,T,,T
4866,4,0,4,A,,A
4867,6,0,6,A,,A
4868,8,2,6,T,T,T
4869,8,2,6,C,C,C
4870,8,2,6,T,T,T
4871,8,2,6,T,T,T
4872,8,2,6,C,C,C
4873,6,2,6,A,C,A
4874,8,2,6,G,G,G
4875,8,2,6,T,T,T
4876,5,2,5,T,G,T
4877,6,2,6,T,C,T
4878,8,2,6,T,T,T
4879,7,2,5,A,A,A
4880,5,2,5,T,C,T
4881,5,2,5,C,T,C
4882,7,2,5,T,T,T
4883,5,2,5,T,C,T
4884,5,2,5,T,C,T
4885,7,2,5,A,A,A
4886,4,0,4,A,,A
4887,5,0,5,T,,T
4888,5,0,5,C,,C
4889,5,0,5,T,,T
4890,5,0,5,C,,C
4891,5,0,5,C,,C
4892,5,0,5,T,,T
4893,5,0,5,C,,C
4894,5,0,5,T,,T
4895,5,0,5,T,,T
4896,6,0,6,T,,T
4897,6,0,6,T,,T
4898,6,0,6,A,,A
4899,6,0,6,T,,T
4900,6,0,6,C,,C
4901,5,0,5,T,,T
4902,6,0,6,T,,T
4903,6,0,6,G,,G
4904,8,2,6,G,G,G
4905,8,2,6,A,A,A
4906,8,2,6,C,C,C
4907,7,2,5,T,T,T
4908,6,2,6,G,A,G
4909,8,2,6,A,A,A
4910,7,2,5,C,C,C
4911,6,2,4,A,A,A
4912,6,2,6,T,A,T
4913,6,2,6,T,C,T
4914,6,0,6,T,,T
4915,6,0,6,A,,A
4916,6,0,6,G,,G
4917,5,0,5,T,,T
4918,6,0,6,G,,G
4919,6,0,6,T,,T
4920,6,0,6,A,,A
4921,6,0,6,G,,G
4922,6,0,6,C,,C
4923,6,0,6,T,,T
4924,6,0,6,A,,A
4925,3,0,3,A,,A
4926,6,0,6,G,,G
4927,6,0,6,T,,T
4928,6,0,6,G,,G
4929,6,0,6,A,,A
4930,6,0,6,A,,A
4931,4,0,4,A,,A
4932,6,0,6,A,,A
4933,6,0,6,G,,G
4934,6,0,6,G,,G
4935,6,0,6,T,,T
4936,6,0,6,C,,C
4937,6,0,6,A,,A
4938,6,0,6,T,,T
4939,6,0,6,A,,A
4940,6,0,6,G,,G
4941,6,0,6,C,,C
4942,4,0,4,T,,T
4943,6,0,6,G,,G
4944,8,2,6,A,A,A
4945,7,2,5,G,G,G
4946,8,2,6,A,A,A
4947,8,2,6,T,T,T
4948,8,2,6,T,T,T
4949,6,2,6,C,T,C
4950,8,2,6,C,C,C
4951,6,2,6,T,G,T
4952,7,2,5,G,G,G
4953,6,0,6,G,,G
4954,5,0,5,T,,T
4955,6,0,6,T,,T
4956,4,0,4,T,,T
4957,8,2,6,G,G,G
4958,6,2,6,G,A,G
4959,5,2,5,G,A,G
4960,8,2,6,T,T,T
4961,6,2,4,G,G,G
4962,6,2,6,T,C,T
4963,8,2,6,T,T,T
4964,6,2,6,A,G,A
4965,5,2,5,C,A,C
4966,8,2,6,G,G,G
4967,6,2,6,C,A,C
4968,5,2,3,A,A,A
4969,5,2,5,T,A,T
4970,7,2,5,A,A,A
4971,8,2,6,C,C,C
4972,7,2,5,A,A,A
4973,6,2,6,T,G,T
4974,8,2,6,A,A,A
4975,8,2,6,C,C,C
4976,6,2,6,T,A,T
4977,6,2,6,T,G,T
4978,6,2,4,A,A,A
4979,5,2,5,A,T,A
4980,5,2,5,A,T,A
4981,7,2,5,T,T,T
4982,7,2,5,G,G,G
4983,6,2,6,A,T,A
4984,6,2,6,A,C,A
4985,8,2,6,A,A,A
4986,6,2,6,G,T,G
4987,3,2,3,C,G,C
4988,4,2,4,A,A,G
4989,5,2,5,T,A,T
4990,8,2,6,G,G,G
4991,6,2,6,T,A,T
4992,6,2,6,G,A,G
4993,7,2,5,A,A,A
4994,8,2,6,C,C,C
4995,6,2,6,A,T,A
4996,6,2,6,T,C,T
4997,7,2,5,A,A,A
4998,4,2,4,C,A,C
4999,8,2,6,T,T,T
5000,6,2,6,C,G,C
5001,8,2,6,A,A,A
5002,8,2,6,T,T,T
5003,5,2,5,A,C,A
5004,7,2,5,G,G,G
5005,8,2,6,T,T,T
5006,6,2,4,G,G,G
5007,8,2,6,T,T,T
5008,6,0,6,A,,A
5009,6,0,6,A,,A
5010,6,0,6,C,,C
5011,6,0,6,A,,A
5012,6,0,6,C,,C
5013,5,0,5,A,,A
5014,5,0,5,A,,A
5015,5,2,3,C,C,C
5016,8,2,6,A,A,A
5017,8,2,6,T,T,T
5018,8,2,6,G,G,G
5019,8,2,6,A,A,A
5020,6,2,6,A,G,A
5021,4,2,4,A,A,T
5022,6,2,6,A,G,A
5023,5,2,5,A,T,A
5024,5,2,5,A,G,A
5025,6,2,4,G,G,G
5026,6,2,6,G,A,G
5027,8,2,6,G,G,G
5028,6,2,6,C,T,C
5029,8,2,6,A,A,A
5030,8,2,6,T,T,T
5031,2,2,0,C,C,
5032,6,2,4,A,A,A
5033,8,2,6,C,C,C
5034,5,2,5,A,T,A
5035,8,2,6,T,T,T
5036,6,2,6,T,C,T
5037,6,2,6,T,C,T
5038,8,2,6,T,T,T
5039,6,2,6,G,C,G
5040,6,2,6,C,T,C
5041,6,2,6,A,C,A
5042,6,2,6,G,T,G
5043,8,2,6,C,C,C
5044,6,2,6,A,C,A
5045,6,2,6,G,C,G
5046,8,2,6,T,T,T
5047,4,2,4,C,A,C
5048,6,2,6,A,C,A
5049,8,2,6,G,G,G
5050,7,2,5,T,T,T
5051,6,2,6,C,A,C
5052,8,2,6,T,T,T
5053,8,2,6,C,C,C
5054,8,2,6,T,T,T
5055,6,2,6,T,C,T
5056,8,2,6,C,C,C
5057,8,2,6,A,A,A
5058,6,2,6,G,A,G
5059,8,2,6,A,A,A
5060,8,2,6,A,A,A
5061,6,2,6,A,G,A
5062,8,2,6,A,A,A
5063,6,2,6,C,G,C
5064,6,2,6,C,T,C
5065,8,2,6,C,C,C
5066,7,2,5,T,T,T
5067,5,2,3,C,C,C
5068,6,2,6,T,C,T
5069,8,2,6,T,T,T
5070,6,2,6,C,T,C
5071,8,2,6,T,T,T
5072,5,0,5,A,,A
5073,5,0,5,T,,T
5074,6,0,6,A,,A
5075,6,0,6,G,,G
5076,3,0,3,T,,T
5077,6,0,6,T,,T
5078,6,0,6,A,,A
5079,6,0,6,G,,G
5080,6,0,6,G,,G
5081,6,0,6,G,,G
5082,6,0,6,T,,T
5083,6,0,6,T,,T
5084,6,0,6,G,,G
5085,6,0,6,A,,A
5086,6,0,6,G,,G
5087,6,0,6,T,,T
5088,6,0,6,T,,T
5089,6,0,6,A,,A
5090,5,0,5,C,,C
5091,5,0,5,T,,T
5092,6,0,6,T,,T
5093,6,0,6,C,,C
5094,5,0,5,C,,C
5095,5,0,5,T,,T
5096,4,0,4,A,,A
5097,6,0,6,T,,T
5098,6,0,6,C,,C
5099,6,0,6,A,,A
5100,6,0,6,A,,A
5101,6,0,6,G,,G
5102,7,2,5,C,C,C
5103,8,2,6,C,C,C
5104,6,2,6,A,G,A
5105,5,2,5,G,A,G
5106,6,2,6,T,C,T
5107,6,2,4,A,A,A
5108,6,2,4,T,T,T
5109,8,2,6,G,G,G
5110,8,2,6,T,T,T
5111,6,2,6,G,C,G
5112,5,2,5,G,T,G
5113,8,2,6,T,T,T
5114,5,2,5,A,C,A
5115,6,2,6,A,T,A
5116,6,2,6,C,G,C
5117,6,2,6,A,G,A
5118,8,2,6,G,G,G
5119,8,2,6,G,G,G
5120,8,2,6,C,C,C
5121,8,2,6,T,T,T
5122,7,2,5,C,C,C
5123,6,2,6,A,C,A
5124,5,2,5,A,G,A
5125,6,2,6,T,G,T
5126,5,2,5,A,C,A
5127,7,2,5,T,T,T
5128,6,2,6,T,C,T
5129,6,2,6,C,T,C
5130,8,2,6,C,C,C
5131,5,0,5,T,,T
5132,6,0,6,G,,G
5133,6,0,6,A,,A
5134,6,0,6,A,,A
5135,6,0,6,T,,T
5136,6,0,6,G,,G
5137,6,0,6,A,,A
5138,6,0,6,A,,A
5139,6,0,6,A,,A
5140,6,0,6,T,,T
5141,6,0,6,A,,A
5142,5,0,5,C,,C
5143,1,0,1,G,,G
5144,1,0,1,T,,T
5145,1,0,1,A,,A
5146,1,0,1,T,,T
5147,6,0,6,C,,C
5148,5,0,5,A,,A
5149,6,0,6,G,,G
5150,6,0,6,A,,A
5151,6,0,6,C,,C
5152,6,0,6,T,,T
5153,5,0,5,A,,A
5154,6,0,6,G,,G
5155,5,0,5,T,,T
5156,6,0,6,G,,G
5157,8,2,6,A,A,A
5158,8,2,6,C,C,C
5159,8,2,6,A,A,A
5160,6,2,6,A,C,A
5161,8,2,6,G,G,G
5162,8,2,6,C,C,C
5163,8,2,6,T,T,T
5164,5,2,5,C,G,C
5165,7,2,5,C,C,C
5166,6,2,6,T,C,T
5167,6,2,6,G,A,G
5168,8,2,6,G,G,G
5169,5,2,5,T,C,T
5170,5,2,5,C,T,C
5171,7,2,5,T,T,T
5172,8,2,6,T,T,T
5173,4,0,4,C,,C
5174,6,0,6,A,,A
5175,6,0,6,G,,G
5176,5,0,5,A,,A
5177,6,0,6,T,,T
5178,5,0,5,G,,G
5179,5,0,5,T,,T
5180,5,0,5,C,,C
5181,6,0,6,T,,T
5182,6,0,6,T,,T
5183,6,0,6,C,,C
5184,5,0,5,T,,T
5185,5,0,5,C,,C
5186,5,0,5,G,,G
5187,5,0,5,T,,T
5188,5,0,5,T,,T
5189,5,0,5,A,,A
5190,6,0,6,A,,A
5191,6,0,6,G,,G
5192,5,0,5,G,,G
5193,5,0,5,A,,A
5194,5,2,5,G,A,G
5195,5,2,5,A,C,A
5196,8,2,6,T,T,T
5197,8,2,6,G,G,G
5198,7,2,5,G,G,G
5199,6,2,6,G,A,G
5200,5,2,5,C,G,C
5201,5,2,5,C,A,C
5202,6,2,6,T,A,T
5203,6,2,6,T,C,T
5204,8,2,6,T,T,T
5205,7,2,5,T,T,T
5206,8,2,6,G,G,G
5207,5,2,5,G,A,G
5208,8,2,6,A,A,A
5209,6,2,6,G,A,G
5210,6,2,6,G,C,G
5211,8,2,6,T,T,T
5212,5,2,5,A,G,A
5213,6,2,6,A,C,A
5214,5,2,5,A,G,A
5215,6,2,6,G,T,G
5216,6,2,6,G,A,G
5217,8,2,6,A,A,A
5218,6,2,6,T,A,T
5219,6,2,6,A,C,A
5220,5,2,3,A,A,A
5221,7,2,5,A,A,A
5222,7,2,5,A,A,A
5223,5,2,5,T,A,T
5224,5,2,3,T,T,T
5225,7,2,5,A,A,A
5226,4,2,3,A,A,G
5227,6,2,6,T,C,T
5228,8,2,6,G,G,G
5229,6,2,6,A,G,A
5230,6,2,6,G,T,G
5231,6,2,6,T,G,T
5232,6,2,6,T,C,T
5233,6,2,6,C,T,C
5234,8,2,6,T,T,T
5235,6,2,6,G,T,G
5236,8,2,6,T,T,T
5237,6,2,6,C,A,C
5238,7,2,5,A,A,A
5239,8,2,6,T,T,T
5240,8,2,6,G,G,G
5241,8,2,6,A,A,A
5242,6,2,6,T,A,T
5243,6,2,6,T,A,T
5244,8,2,6,C,C,C
5245,5,2,3,G,G,A
5246,8,2,6,C,C,C
5247,7,2,5,T,T,T
5248,5,2,5,A,G,A
5249,8,2,6,T,T,T
5250,8,2,6,T,T,T
5251,8,2,6,C,C,C
5252,6,2,6,T,A,T
5253,6,2,6,A,G,A
5254,6,2,6,G,A,G
5255,8,2,6,A,A,A
5256,8,2,6,A,A,A
5257,8,2,6,C,C,C
5258,6,2,6,T,C,T
5259,6,2,6,T,A,T
5260,8,2,6,G,G,G
5261,6,2,6,C,T,C
5262,6,0,6,A,,A
5263,8,2,6,T,T,T
5264,8,2,6,G,G,G
5265,6,2,6,A,G,A
5266,7,2,5,C,C,C
5267,6,2,6,C,T,C
5268,6,2,6,T,C,T
5269,8,2,6,T,T,T
5270,6,2,6,T,A,T
5271,6,2,6,A,G,A
5272,8,2,6,C,C,C
5273,8,2,6,T,T,T
5274,6,2,6,G,A,G
5275,5,0,5,T,,T
5276,4,0,4,G,,G
5277,6,0,6,T,,T
5278,6,0,6,T,,T
5279,6,0,6,A,,A
5280,6,0,6,G,,G
5281,6,0,6,C,,C
5282,6,0,6,T,,T
5283,8,2,6,C,C,C
5284,8,2,6,T,T,T
5285,7,2,5,T,T,T
5286,5,2,5,T,G,T
5287,8,2,6,G,G,G
5288,8,2,6,A,A,A
5289,6,2,6,A,C,A
5290,8,2,6,T,T,T
5291,5,2,5,G,A,G
5292,8,2,6,T,T,T
5293,8,2,6,T,T,T
5294,5,2,3,C,C,C
5295,6,2,6,T,A,T
5296,5,2,5,T,G,T
5297,8,2,6,G,G,G
5298,6,2,6,A,G,A
5299,8,2,6,A,A,A
5300,6,2,6,A,G,A
5301,6,2,6,T,C,T
5302,8,2,6,T,T,T
5303,5,2,5,T,G,T
5304,6,2,6,T,C,T
5305,8,2,6,A,A,A
5306,5,2,5,G,A,G
5307,8,2,6,A,A,A
5308,6,2,6,C,T,C
5309,6,2,6,T,G,T
5310,6,2,6,T,C,T
5311,6,2,6,T,C,T
5312,8,2,6,C,C,C
5313,8,2,6,T,T,T
5314,6,2,6,T,C,T
5315,8,2,6,T,T,T
5316,6,2,6,G,C,G
5317,8,2,6,T,T,T
5318,6,2,6,A,G,A
5319,6,0,6,A,,A
5320,6,0,6,A,,A
5321,6,0,6,C,,C
5322,6,0,6,A,,A
5323,6,0,6,A,,A
5324,6,0,6,A,,A
5325,6,0,6,T,,T
5326,6,0,6,G,,G
5327,6,0,6,A,,A
5328,6,0,6,T,,T
5329,6,0,6,A,,A
5330,6,0,6,T,,T
5331,6,0,6,G,,G
5332,6,0,6,T,,T
5333,6,0,6,C,,C
5334,6,0,6,C,,C
5335,6,0,6,T,,T
5336,6,0,6,T,,T
5337,6,0,6,A,,A
5338,5,0,5,T,,T
5339,5,0,5,C,,C
5340,6,0,6,A,,A
5341,6,0,6,T,,T
5342,6,0,6,T,,T
5343,6,0,6,G,,G
5344,6,0,6,T,,T
5345,6,0,6,A,,A
5346,6,0,6,T,,T
5347,6,0,6,A,,A
5348,5,0,5,A,,A
5349,6,0,6,A,,A
5350,6,0,6,A,,A
5351,6,0,6,G,,G
5352,6,0,6,C,,C
5353,6,0,6,T,,T
5354,6,0,6,G,,G
5355,5,0,5,T,,T
5356,6,0,6,T,,T
5357,6,0,6,A,,A
5358,4,0,4,T,,T
5359,6,0,6,G,,G
5360,5,0,5,T,,T
5361,8,2,6,G,G,G
5362,6,2,6,C,T,C
5363,6,2,6,A,G,A
5364,8,2,6,A,A,A
5365,8,2,6,C,C,C
5366,5,2,5,A,G,A
5367,5,2,5,A,T,A
5368,8,2,6,T,T,T
5369,6,2,6,G,T,G
5370,6,2,6,T,G,T
5371,8,2,6,G,G,G
5372,8,2,6,G,G,G
5373,8,2,6,A,A,A
5374,6,2,6,G,C,G
5375,8,2,6,A,A,A
5376,8,2,6,T,T,T
5377,7,2,5,T,T,T
5378,6,2,6,C,G,C
5379,6,2,6,C,A,C
5380,6,2,6,T,C,T
5381,6,2,6,T,A,T
5382,7,2,5,A,A,A
5383,7,2,5,T,T,T
5384,6,2,6,C,G,C
5385,6,2,6,T,A,T
5386,8,2,6,G,G,G
5387,6,2,6,A,T,A
5388,8,2,6,T,T,T
5389,8,2,6,T,T,T
5390,8,2,6,T,T,T
5391,8,2,6,A,A,A
5392,8,2,6,A,A,A
5393,6,0,6,T,,T
5394,6,0,6,A,,A
5395,6,0,6,A,,A
5396,6,0,6,A,,A
5397,6,0,6,A,,A
5398,5,0,5,T,,T
5399,6,0,6,A,,A
5400,6,0,6,C,,C
5401,6,0,6,T,,T
5402,6,0,6,T,,T
5403,5,0,5,A,,A
5404,5,0,5,A,,A
5405,6,0,6,A,,A
5406,6,0,6,C,,C
5407,6,0,6,A,,A
5408,6,0,6,C,,C
5409,5,0,5,T,,T
5410,6,0,6,G,,G
5411,6,0,6,A,,A
